age(Gyr),M/MSun,logL/Lsun,Teff(K),logg,R/Rsun
0.001,0.0005,-5.579,580.0,2.723,0.161
0.001,0.001,-4.805,921.0,3.056,0.1552
0.001,0.0015,-4.451,1123.0,3.222,0.157
0.001,0.002,-4.178,1301.0,3.329,0.1602
0.001,0.0025,-3.963,1455.0,3.405,0.1641
0.001,0.003,-3.782,1595.0,3.462,0.1684
0.001,0.0035,-3.631,1716.0,3.505,0.173
0.001,0.004,-3.504,1821.0,3.539,0.1779
0.001,0.0045,-3.394,1914.0,3.567,0.1827
0.001,0.005,-3.294,2000.0,3.59,0.1875
0.001,0.006,-3.128,2147.0,3.626,0.1971
0.001,0.007,-2.995,2264.0,3.653,0.2065
0.001,0.008,-2.887,2359.0,3.673,0.2156
0.001,0.009,-2.795,2438.0,3.69,0.2242
0.002,0.0005,-5.887,495.0,2.759,0.1545
0.002,0.001,-5.128,787.0,3.105,0.1466
0.002,0.0015,-4.784,956.0,3.275,0.1476
0.002,0.002,-4.524,1104.0,3.39,0.1494
0.002,0.0025,-4.323,1230.0,3.474,0.1517
0.002,0.003,-4.153,1345.0,3.538,0.1543
0.002,0.0035,-4.006,1451.0,3.59,0.157
0.002,0.004,-3.871,1554.0,3.632,0.1599
0.002,0.0045,-3.754,1647.0,3.667,0.1629
0.002,0.005,-3.649,1734.0,3.697,0.166
0.002,0.006,-3.469,1888.0,3.745,0.172
0.002,0.007,-3.316,2027.0,3.781,0.1781
0.002,0.008,-3.188,2145.0,3.81,0.1842
0.002,0.009,-3.079,2247.0,3.833,0.1903
0.002,0.01,-2.988,2332.0,3.852,0.1963
0.002,0.011,-2.908,2406.0,3.867,0.2022
0.003,0.0005,-5.99,473.0,2.78,0.1507
0.003,0.001,-5.328,712.0,3.131,0.1424
0.003,0.0015,-4.982,867.0,3.302,0.1431
0.003,0.002,-4.729,998.0,3.419,0.1445
0.003,0.0025,-4.529,1113.0,3.506,0.1461
0.003,0.003,-4.365,1215.0,3.573,0.1481
0.003,0.0035,-4.22,1312.0,3.628,0.1503
0.003,0.004,-4.092,1402.0,3.673,0.1525
0.003,0.0045,-3.974,1489.0,3.711,0.1548
0.003,0.005,-3.867,1572.0,3.745,0.157
0.003,0.006,-3.682,1724.0,3.799,0.1615
0.003,0.007,-3.524,1862.0,3.843,0.166
0.003,0.008,-3.388,1988.0,3.877,0.1705
0.003,0.009,-3.27,2099.0,3.905,0.1751
0.003,0.01,-3.167,2198.0,3.928,0.1797
0.003,0.011,-3.079,2284.0,3.947,0.1844
0.003,0.0115,-3.039,2322.0,3.956,0.1868
0.003,0.012,-3.001,2358.0,3.963,0.1892
0.003,0.0125,-2.964,2393.0,3.97,0.1916
0.003,0.013,-2.929,2426.0,3.976,0.1941
0.004,0.0005,-6.071,456.0,2.798,0.1477
0.004,0.001,-5.476,660.0,3.147,0.1396
0.004,0.0015,-5.135,802.0,3.32,0.1402
0.004,0.002,-4.884,923.0,3.438,0.1413
0.004,0.0025,-4.683,1031.0,3.527,0.1427
0.004,0.003,-4.518,1127.0,3.596,0.1443
0.004,0.0035,-4.377,1215.0,3.652,0.1461
0.004,0.004,-4.248,1300.0,3.699,0.148
0.004,0.0045,-4.134,1380.0,3.74,0.1498
0.004,0.005,-4.029,1457.0,3.775,0.1516
0.004,0.006,-3.842,1604.0,3.834,0.1552
0.004,0.007,-3.682,1740.0,3.882,0.1586
0.004,0.008,-3.542,1865.0,3.921,0.1622
0.004,0.009,-3.418,1981.0,3.953,0.1658
0.004,0.01,-3.31,2085.0,3.979,0.1695
0.004,0.011,-3.213,2180.0,4.001,0.1733
0.004,0.0115,-3.168,2224.0,4.01,0.1754
0.004,0.012,-3.126,2265.0,4.018,0.1775
0.004,0.0125,-3.085,2304.0,4.025,0.1797
0.004,0.013,-3.044,2343.0,4.03,0.1822
0.004,0.0135,-3.004,2381.0,4.034,0.1849
0.004,0.014,-2.962,2419.0,4.036,0.1879
0.006,0.0005,-6.204,429.0,2.824,0.1433
0.006,0.001,-5.683,593.0,3.169,0.1363
0.006,0.0015,-5.346,719.0,3.343,0.1366
0.006,0.002,-5.117,818.0,3.461,0.1376
0.006,0.0025,-4.905,921.0,3.552,0.1385
0.006,0.003,-4.733,1012.0,3.623,0.1398
0.006,0.0035,-4.591,1093.0,3.682,0.1412
0.006,0.004,-4.466,1168.0,3.731,0.1427
0.006,0.0045,-4.353,1241.0,3.774,0.144
0.006,0.005,-4.248,1312.0,3.812,0.1454
0.006,0.006,-4.066,1445.0,3.876,0.1479
0.006,0.007,-3.905,1572.0,3.928,0.1504
0.006,0.008,-3.762,1693.0,3.973,0.1528
0.006,0.009,-3.633,1809.0,4.01,0.1552
0.006,0.01,-3.518,1917.0,4.042,0.1578
0.006,0.011,-3.412,2019.0,4.067,0.1606
0.006,0.0115,-3.362,2068.0,4.078,0.1623
0.006,0.012,-3.31,2118.0,4.086,0.1642
0.006,0.0125,-3.257,2170.0,4.092,0.1664
0.006,0.013,-3.201,2223.0,4.095,0.1691
0.006,0.0135,-3.142,2276.0,4.095,0.1724
0.006,0.014,-3.081,2332.0,4.09,0.1765
0.006,0.0145,-3.017,2387.0,4.083,0.1812
0.006,0.015,-2.953,2442.0,4.073,0.1864
0.008,0.0005,-6.311,408.0,2.844,0.14
0.008,0.001,-5.832,549.0,3.183,0.1341
0.008,0.0015,-5.498,664.0,3.357,0.1344
0.008,0.002,-5.267,756.0,3.476,0.1353
0.008,0.0025,-5.08,840.0,3.568,0.1361
0.008,0.003,-4.891,933.0,3.641,0.137
0.008,0.0035,-4.744,1011.0,3.7,0.1382
0.008,0.004,-4.618,1082.0,3.751,0.1394
0.008,0.0045,-4.506,1150.0,3.795,0.1405
0.008,0.005,-4.404,1215.0,3.834,0.1416
0.008,0.006,-4.222,1340.0,3.901,0.1436
0.008,0.007,-4.064,1458.0,3.957,0.1455
0.008,0.008,-3.921,1574.0,4.004,0.1473
0.008,0.009,-3.791,1686.0,4.045,0.149
0.008,0.01,-3.671,1794.0,4.08,0.1509
0.008,0.011,-3.558,1900.0,4.108,0.1533
0.008,0.0115,-3.501,1955.0,4.119,0.1547
0.008,0.012,-3.44,2012.0,4.127,0.1566
0.008,0.0125,-3.375,2074.0,4.131,0.1591
0.008,0.013,-3.301,2142.0,4.131,0.1623
0.008,0.0135,-3.221,2214.0,4.125,0.1665
0.008,0.014,-3.139,2287.0,4.115,0.1715
0.008,0.0145,-3.06,2355.0,4.102,0.1772
0.008,0.015,-2.985,2419.0,4.088,0.1832
0.01,0.0005,-6.399,391.0,2.86,0.1375
0.01,0.001,-5.946,517.0,3.193,0.1326
0.01,0.0015,-5.615,625.0,3.367,0.1328
0.01,0.002,-5.383,712.0,3.486,0.1337
0.01,0.0025,-5.206,786.0,3.579,0.1344
0.01,0.003,-5.03,868.0,3.653,0.1352
0.01,0.0035,-4.864,951.0,3.714,0.1361
0.01,0.004,-4.738,1019.0,3.765,0.1371
0.01,0.0045,-4.625,1084.0,3.81,0.1381
0.01,0.005,-4.523,1145.0,3.85,0.139
0.01,0.006,-4.343,1263.0,3.919,0.1407
0.01,0.007,-4.186,1375.0,3.977,0.1422
0.01,0.008,-4.045,1484.0,4.027,0.1435
0.01,0.009,-3.914,1593.0,4.07,0.1449
0.01,0.01,-3.793,1699.0,4.107,0.1464
0.01,0.011,-3.674,1808.0,4.137,0.1483
0.01,0.0115,-3.61,1867.0,4.148,0.1497
0.01,0.012,-3.539,1932.0,4.155,0.1517
0.01,0.0125,-3.459,2005.0,4.157,0.1544
0.01,0.013,-3.368,2087.0,4.153,0.1582
0.01,0.0135,-3.27,2175.0,4.143,0.1631
0.01,0.014,-3.173,2261.0,4.129,0.1689
0.01,0.0145,-3.085,2336.0,4.113,0.175
0.01,0.015,-3.006,2403.0,4.098,0.1811
0.015,0.0005,-6.565,361.0,2.888,0.1331
0.015,0.001,-6.131,469.0,3.209,0.1301
0.015,0.0015,-5.821,560.0,3.384,0.1303
0.015,0.002,-5.589,638.0,3.503,0.1311
0.015,0.0025,-5.406,708.0,3.596,0.1317
0.015,0.003,-5.252,772.0,3.671,0.1323
0.015,0.0035,-5.099,841.0,3.734,0.1329
0.015,0.004,-4.957,910.0,3.788,0.1336
0.015,0.0045,-4.837,973.0,3.835,0.1343
0.015,0.005,-4.733,1030.0,3.876,0.1349
0.015,0.006,-4.554,1137.0,3.948,0.1361
0.015,0.007,-4.4,1238.0,4.009,0.1371
0.015,0.008,-4.264,1335.0,4.061,0.1379
0.015,0.009,-4.138,1431.0,4.108,0.1387
0.015,0.01,-4.014,1532.0,4.148,0.1395
0.015,0.011,-3.881,1645.0,4.18,0.141
0.015,0.0115,-3.803,1713.0,4.191,0.1424
0.015,0.012,-3.706,1797.0,4.196,0.1447
0.015,0.0125,-3.594,1894.0,4.194,0.1481
0.015,0.013,-3.465,2008.0,4.182,0.153
0.015,0.0135,-3.337,2120.0,4.166,0.1589
0.015,0.014,-3.225,2219.0,4.149,0.165
0.015,0.0145,-3.134,2298.0,4.134,0.1708
0.015,0.015,-3.061,2362.0,4.123,0.1759
0.015,0.0155,-3.0,2415.0,4.115,0.1805
0.02,0.0005,-6.696,339.0,2.909,0.1299
0.02,0.001,-6.257,439.0,3.221,0.1283
0.02,0.0015,-5.971,518.0,3.395,0.1286
0.02,0.002,-5.745,588.0,3.515,0.1293
0.02,0.0025,-5.561,652.0,3.608,0.1299
0.02,0.003,-5.404,712.0,3.684,0.1304
0.02,0.0035,-5.265,770.0,3.748,0.1309
0.02,0.004,-5.132,830.0,3.803,0.1313
0.02,0.0045,-5.005,891.0,3.851,0.1317
0.02,0.005,-4.894,949.0,3.894,0.1322
0.02,0.006,-4.713,1049.0,3.968,0.133
0.02,0.007,-4.559,1144.0,4.03,0.1337
0.02,0.008,-4.424,1234.0,4.085,0.1343
0.02,0.009,-4.305,1319.0,4.133,0.1347
0.02,0.01,-4.184,1411.0,4.175,0.1352
0.02,0.011,-4.044,1523.0,4.209,0.1364
0.02,0.0115,-3.948,1601.0,4.22,0.1378
0.02,0.012,-3.83,1699.0,4.223,0.1403
0.02,0.0125,-3.684,1822.0,4.215,0.1444
0.02,0.013,-3.525,1958.0,4.199,0.15
0.02,0.0135,-3.385,2081.0,4.181,0.1561
0.02,0.014,-3.273,2180.0,4.166,0.1617
0.02,0.0145,-3.19,2254.0,4.157,0.1664
0.02,0.015,-3.131,2308.0,4.153,0.1699
0.02,0.0155,-3.089,2348.0,4.155,0.1723
0.02,0.016,-3.068,2372.0,4.165,0.1731
0.02,0.0165,-3.068,2379.0,4.184,0.1721
0.02,0.017,-3.091,2369.0,4.212,0.1691
0.02,0.0175,-3.117,2355.0,4.241,0.1659
0.02,0.018,-3.141,2343.0,4.268,0.1631
0.02,0.0185,-3.154,2339.0,4.29,0.1612
0.02,0.019,-3.158,2342.0,4.308,0.1599
0.02,0.0195,-3.16,2347.0,4.325,0.1589
0.02,0.02,-3.157,2356.0,4.34,0.1583
0.02,0.022,-3.123,2408.0,4.384,0.1577
0.03,0.0005,-6.882,310.0,2.936,0.1259
0.03,0.001,-6.418,404.0,3.238,0.1258
0.03,0.0015,-6.166,467.0,3.41,0.1264
0.03,0.002,-5.949,527.0,3.53,0.1271
0.03,0.0025,-5.768,584.0,3.623,0.1277
0.03,0.003,-5.613,637.0,3.7,0.1281
0.03,0.0035,-5.473,690.0,3.765,0.1284
0.03,0.004,-5.347,741.0,3.821,0.1286
0.03,0.0045,-5.23,792.0,3.871,0.1288
0.03,0.005,-5.119,844.0,3.915,0.129
0.03,0.006,-4.928,940.0,3.992,0.1294
0.03,0.007,-4.772,1027.0,4.056,0.1298
0.03,0.008,-4.636,1110.0,4.113,0.13
0.03,0.009,-4.516,1188.0,4.163,0.1302
0.03,0.01,-4.403,1267.0,4.207,0.1304
0.03,0.011,-4.262,1369.0,4.242,0.1314
0.03,0.0115,-4.152,1451.0,4.252,0.1328
0.03,0.012,-3.993,1574.0,4.253,0.1355
0.03,0.0125,-3.797,1731.0,4.24,0.1403
0.03,0.013,-3.61,1888.0,4.221,0.1462
0.03,0.0135,-3.476,2006.0,4.208,0.1513
0.03,0.014,-3.391,2083.0,4.205,0.1546
0.03,0.0145,-3.35,2124.0,4.213,0.1559
0.03,0.015,-3.351,2131.0,4.234,0.1548
0.03,0.0155,-3.388,2107.0,4.266,0.1516
0.03,0.016,-3.441,2070.0,4.302,0.1479
0.03,0.0165,-3.475,2048.0,4.33,0.1453
0.03,0.017,-3.495,2038.0,4.355,0.1434
0.03,0.0175,-3.493,2045.0,4.372,0.1427
0.03,0.018,-3.488,2055.0,4.388,0.1421
0.03,0.0185,-3.484,2065.0,4.404,0.1414
0.03,0.019,-3.471,2082.0,4.416,0.1412
0.03,0.0195,-3.456,2100.0,4.428,0.1412
0.03,0.02,-3.444,2117.0,4.44,0.1409
0.03,0.022,-3.374,2199.0,4.478,0.1416
0.03,0.024,-3.309,2277.0,4.511,0.1423
0.03,0.026,-3.236,2359.0,4.535,0.1442
0.03,0.028,-3.176,2429.0,4.557,0.1458
0.04,0.0005,-7.022,289.0,2.955,0.1232
0.04,0.001,-6.538,380.0,3.251,0.124
0.04,0.0015,-6.292,437.0,3.421,0.1249
0.04,0.002,-6.095,487.0,3.54,0.1257
0.04,0.0025,-5.917,539.0,3.634,0.1262
0.04,0.003,-5.764,588.0,3.711,0.1265
0.04,0.0035,-5.627,635.0,3.776,0.1267
0.04,0.004,-5.502,682.0,3.833,0.1269
0.04,0.0045,-5.387,729.0,3.883,0.127
0.04,0.005,-5.281,775.0,3.929,0.127
0.04,0.006,-5.088,865.0,4.007,0.1271
0.04,0.007,-4.929,947.0,4.073,0.1272
0.04,0.008,-4.792,1025.0,4.131,0.1272
0.04,0.009,-4.671,1099.0,4.182,0.1272
0.04,0.01,-4.554,1176.0,4.227,0.1274
0.04,0.011,-4.408,1273.0,4.262,0.1284
0.04,0.0115,-4.296,1351.0,4.272,0.1297
0.04,0.012,-4.114,1484.0,4.272,0.1326
0.04,0.0125,-3.88,1667.0,4.257,0.1376
0.04,0.013,-3.689,1825.0,4.24,0.1431
0.04,0.0135,-3.582,1919.0,4.237,0.1463
0.04,0.014,-3.544,1957.0,4.249,0.1469
0.04,0.0145,-3.57,1942.0,4.277,0.1448
0.04,0.015,-3.639,1892.0,4.316,0.1409
0.04,0.0155,-3.703,1846.0,4.351,0.1376
0.04,0.016,-3.735,1825.0,4.377,0.1356
0.04,0.0165,-3.745,1823.0,4.398,0.1344
0.04,0.017,-3.744,1830.0,4.416,0.1336
0.04,0.0175,-3.733,1844.0,4.432,0.1331
0.04,0.018,-3.72,1861.0,4.446,0.1328
0.04,0.0185,-3.704,1879.0,4.46,0.1326
0.04,0.019,-3.685,1900.0,4.472,0.1325
0.04,0.0195,-3.667,1921.0,4.484,0.1324
0.04,0.02,-3.647,1943.0,4.495,0.1324
0.04,0.022,-3.562,2037.0,4.534,0.1328
0.04,0.024,-3.481,2129.0,4.566,0.1336
0.04,0.026,-3.399,2220.0,4.592,0.135
0.04,0.028,-3.327,2302.0,4.615,0.1363
0.04,0.03,-3.26,2378.0,4.635,0.138
0.04,0.033,-3.172,2477.0,4.659,0.1407
0.06,0.0005,-7.222,261.0,2.979,0.1198
0.06,0.001,-6.715,347.0,3.268,0.1215
0.06,0.0015,-6.453,401.0,3.436,0.1228
0.06,0.002,-6.274,443.0,3.554,0.1237
0.06,0.0025,-6.121,483.0,3.647,0.1242
0.06,0.003,-5.969,526.0,3.724,0.1245
0.06,0.0035,-5.836,568.0,3.79,0.1246
0.06,0.004,-5.718,608.0,3.848,0.1247
0.06,0.0045,-5.606,649.0,3.9,0.1246
0.06,0.005,-5.501,689.0,3.946,0.1245
0.06,0.006,-5.312,769.0,4.026,0.1243
0.06,0.007,-5.149,845.0,4.095,0.1241
0.06,0.008,-5.011,916.0,4.154,0.1239
0.06,0.009,-4.887,984.0,4.207,0.1237
0.06,0.01,-4.767,1055.0,4.254,0.1236
0.06,0.011,-4.611,1151.0,4.29,0.1244
0.06,0.0115,-4.482,1232.0,4.298,0.1259
0.06,0.012,-4.278,1369.0,4.295,0.1291
0.06,0.0125,-4.018,1561.0,4.281,0.1338
0.06,0.013,-3.855,1692.0,4.276,0.1373
0.06,0.0135,-3.832,1717.0,4.294,0.1371
0.06,0.014,-3.9,1670.0,4.33,0.134
0.06,0.0145,-4.001,1597.0,4.369,0.1303
0.06,0.015,-4.071,1549.0,4.4,0.1279
0.06,0.0155,-4.095,1536.0,4.424,0.1265
0.06,0.016,-4.095,1541.0,4.443,0.1257
0.06,0.0165,-4.082,1556.0,4.46,0.1252
0.06,0.017,-4.063,1575.0,4.476,0.1248
0.06,0.0175,-4.041,1598.0,4.49,0.1245
0.06,0.018,-4.018,1620.0,4.504,0.1243
0.06,0.0185,-3.995,1642.0,4.517,0.1242
0.06,0.019,-3.972,1665.0,4.529,0.1241
0.06,0.0195,-3.949,1687.0,4.541,0.124
0.06,0.02,-3.926,1710.0,4.552,0.124
0.06,0.022,-3.829,1808.0,4.593,0.1241
0.06,0.024,-3.734,1906.0,4.628,0.1245
0.06,0.026,-3.64,2007.0,4.658,0.1252
0.06,0.028,-3.557,2098.0,4.684,0.126
0.06,0.03,-3.479,2185.0,4.707,0.127
0.06,0.033,-3.373,2306.0,4.736,0.1289
0.06,0.035,-3.311,2377.0,4.752,0.1303
0.06,0.038,-3.229,2470.0,4.772,0.1327
0.08,0.0005,-7.368,242.0,2.996,0.1176
0.08,0.001,-6.847,324.0,3.281,0.1198
0.08,0.0015,-6.572,377.0,3.446,0.1212
0.08,0.002,-6.389,417.0,3.563,0.1223
0.08,0.0025,-6.247,451.0,3.656,0.1229
0.08,0.003,-6.116,486.0,3.734,0.1232
0.08,0.0035,-5.981,525.0,3.8,0.1233
0.08,0.004,-5.864,562.0,3.858,0.1233
0.08,0.0045,-5.758,598.0,3.91,0.1231
0.08,0.005,-5.657,634.0,3.957,0.123
0.08,0.006,-5.472,706.0,4.039,0.1226
0.08,0.007,-5.309,777.0,4.108,0.1222
0.08,0.008,-5.168,844.0,4.169,0.1218
0.08,0.009,-5.044,908.0,4.223,0.1215
0.08,0.01,-4.923,974.0,4.27,0.1212
0.08,0.011,-4.759,1068.0,4.307,0.1218
0.08,0.0115,-4.617,1152.0,4.316,0.1233
0.08,0.012,-4.396,1291.0,4.311,0.1267
0.08,0.0125,-4.141,1470.0,4.3,0.131
0.08,0.013,-4.035,1554.0,4.308,0.1324
0.08,0.0135,-4.094,1516.0,4.339,0.1301
0.08,0.014,-4.214,1434.0,4.378,0.1267
0.08,0.0145,-4.304,1375.0,4.411,0.1241
0.08,0.015,-4.337,1357.0,4.436,0.1227
0.08,0.0155,-4.339,1360.0,4.456,0.1218
0.08,0.016,-4.327,1373.0,4.474,0.1213
0.08,0.0165,-4.307,1391.0,4.49,0.1209
0.08,0.017,-4.285,1411.0,4.506,0.1205
0.08,0.0175,-4.259,1433.0,4.52,0.1203
0.08,0.018,-4.233,1456.0,4.534,0.1201
0.08,0.0185,-4.206,1480.0,4.547,0.1199
0.08,0.019,-4.177,1506.0,4.56,0.1197
0.08,0.0195,-4.148,1532.0,4.572,0.1196
0.08,0.02,-4.118,1559.0,4.583,0.1196
0.08,0.022,-4.014,1656.0,4.626,0.1194
0.08,0.024,-3.92,1748.0,4.663,0.1195
0.08,0.026,-3.823,1845.0,4.695,0.1198
0.08,0.028,-3.733,1940.0,4.724,0.1203
0.08,0.03,-3.647,2033.0,4.75,0.1209
0.08,0.033,-3.534,2159.0,4.782,0.1221
0.08,0.035,-3.463,2240.0,4.801,0.1231
0.08,0.038,-3.369,2349.0,4.824,0.1249
0.08,0.04,-3.314,2411.0,4.838,0.1262
0.1,0.0005,-7.483,228.0,3.008,0.1159
0.1,0.001,-6.954,306.0,3.29,0.1185
0.1,0.0015,-6.668,358.0,3.455,0.1201
0.1,0.002,-6.477,398.0,3.571,0.1213
0.1,0.0025,-6.337,430.0,3.663,0.1219
0.1,0.003,-6.218,460.0,3.74,0.1222
0.1,0.0035,-6.099,493.0,3.807,0.1223
0.1,0.004,-5.975,529.0,3.865,0.1222
0.1,0.0045,-5.871,562.0,3.918,0.1221
0.1,0.005,-5.775,595.0,3.965,0.1218
0.1,0.006,-5.596,661.0,4.048,0.1214
0.1,0.007,-5.435,726.0,4.118,0.1208
0.1,0.008,-5.292,791.0,4.18,0.1203
0.1,0.009,-5.166,851.0,4.234,0.1199
0.1,0.01,-5.045,915.0,4.282,0.1196
0.1,0.011,-4.878,1005.0,4.32,0.12
0.1,0.0115,-4.73,1088.0,4.33,0.1214
0.1,0.012,-4.488,1233.0,4.324,0.1249
0.1,0.0125,-4.25,1393.0,4.315,0.1287
0.1,0.013,-4.208,1428.0,4.333,0.1286
0.1,0.0135,-4.313,1360.0,4.37,0.1256
0.1,0.014,-4.428,1288.0,4.407,0.1226
0.1,0.0145,-4.486,1255.0,4.435,0.1207
0.1,0.015,-4.499,1251.0,4.458,0.1197
0.1,0.0155,-4.493,1259.0,4.476,0.119
0.1,0.016,-4.478,1272.0,4.494,0.1186
0.1,0.0165,-4.459,1288.0,4.51,0.1182
0.1,0.017,-4.437,1307.0,4.525,0.1179
0.1,0.0175,-4.411,1328.0,4.539,0.1177
0.1,0.018,-4.384,1350.0,4.553,0.1174
0.1,0.0185,-4.356,1373.0,4.567,0.1172
0.1,0.019,-4.327,1397.0,4.58,0.1171
0.1,0.0195,-4.299,1421.0,4.592,0.1169
0.1,0.02,-4.271,1445.0,4.604,0.1168
0.1,0.022,-4.157,1544.0,4.648,0.1164
0.1,0.024,-4.056,1638.0,4.686,0.1164
0.1,0.026,-3.967,1724.0,4.72,0.1164
0.1,0.028,-3.876,1815.0,4.751,0.1166
0.1,0.03,-3.788,1907.0,4.779,0.1169
0.1,0.033,-3.664,2041.0,4.814,0.1177
0.1,0.035,-3.592,2121.0,4.835,0.1184
0.1,0.038,-3.49,2237.0,4.861,0.1197
0.1,0.04,-3.428,2309.0,4.876,0.1207
0.1,0.043,-3.346,2403.0,4.895,0.1224
0.15,0.0005,-7.688,205.0,3.029,0.1132
0.15,0.001,-7.148,276.0,3.306,0.1164
0.15,0.0015,-6.848,326.0,3.469,0.1181
0.15,0.002,-6.645,364.0,3.585,0.1193
0.15,0.0025,-6.494,396.0,3.677,0.1201
0.15,0.003,-6.376,423.0,3.753,0.1205
0.15,0.0035,-6.276,448.0,3.819,0.1206
0.15,0.004,-6.178,475.0,3.878,0.1205
0.15,0.0045,-6.075,504.0,3.931,0.1203
0.15,0.005,-5.977,534.0,3.978,0.12
0.15,0.006,-5.807,590.0,4.062,0.1194
0.15,0.007,-5.654,646.0,4.134,0.1187
0.15,0.008,-5.515,702.0,4.197,0.118
0.15,0.009,-5.389,757.0,4.252,0.1174
0.15,0.01,-5.266,814.0,4.302,0.1169
0.15,0.011,-5.104,893.0,4.342,0.117
0.15,0.0115,-4.95,971.0,4.353,0.1182
0.15,0.012,-4.685,1117.0,4.349,0.1213
0.15,0.0125,-4.482,1241.0,4.347,0.1241
0.15,0.013,-4.529,1217.0,4.376,0.1223
0.15,0.0135,-4.651,1148.0,4.414,0.1193
0.15,0.014,-4.731,1106.0,4.445,0.1172
0.15,0.0145,-4.76,1094.0,4.47,0.1161
0.15,0.015,-4.75,1102.0,4.489,0.1155
0.15,0.0155,-4.734,1115.0,4.507,0.115
0.15,0.016,-4.71,1132.0,4.523,0.1146
0.15,0.0165,-4.69,1147.0,4.539,0.1143
0.15,0.017,-4.661,1168.0,4.554,0.114
0.15,0.0175,-4.635,1186.0,4.568,0.1138
0.15,0.018,-4.61,1205.0,4.582,0.1136
0.15,0.0185,-4.585,1224.0,4.596,0.1133
0.15,0.019,-4.56,1243.0,4.609,0.1131
0.15,0.0195,-4.535,1262.0,4.622,0.113
0.15,0.02,-4.509,1281.0,4.634,0.1128
0.15,0.022,-4.403,1366.0,4.68,0.1122
0.15,0.024,-4.3,1452.0,4.721,0.1118
0.15,0.026,-4.201,1539.0,4.758,0.1115
0.15,0.028,-4.115,1618.0,4.791,0.1114
0.15,0.03,-4.035,1694.0,4.821,0.1114
0.15,0.033,-3.913,1817.0,4.862,0.1115
0.15,0.035,-3.833,1900.0,4.886,0.1117
0.15,0.038,-3.722,2020.0,4.917,0.1123
0.15,0.04,-3.656,2094.0,4.935,0.1128
0.15,0.043,-3.562,2202.0,4.959,0.1137
0.15,0.045,-3.504,2269.0,4.973,0.1145
0.15,0.048,-3.427,2359.0,4.991,0.1158
0.15,0.05,-3.38,2414.0,5.002,0.1167
0.2,0.0005,-7.843,189.0,3.044,0.1113
0.2,0.001,-7.299,255.0,3.318,0.1148
0.2,0.0015,-6.99,302.0,3.48,0.1166
0.2,0.002,-6.778,339.0,3.595,0.1179
0.2,0.0025,-6.62,371.0,3.687,0.1187
0.2,0.003,-6.495,398.0,3.763,0.1191
0.2,0.0035,-6.393,421.0,3.828,0.1193
0.2,0.004,-6.307,443.0,3.887,0.1192
0.2,0.0045,-6.225,465.0,3.94,0.119
0.2,0.005,-6.137,489.0,3.988,0.1187
0.2,0.006,-5.959,544.0,4.072,0.118
0.2,0.007,-5.815,593.0,4.144,0.1173
0.2,0.008,-5.681,642.0,4.208,0.1165
0.2,0.009,-5.557,692.0,4.265,0.1158
0.2,0.01,-5.437,743.0,4.315,0.1152
0.2,0.011,-5.272,817.0,4.356,0.1151
0.2,0.0115,-5.12,889.0,4.369,0.116
0.2,0.012,-4.854,1024.0,4.368,0.1186
0.2,0.0125,-4.678,1125.0,4.372,0.1205
0.2,0.013,-4.761,1082.0,4.405,0.1184
0.2,0.0135,-4.877,1023.0,4.44,0.1159
0.2,0.014,-4.941,993.0,4.468,0.1143
0.2,0.0145,-4.953,990.0,4.49,0.1134
0.2,0.015,-4.937,1001.0,4.509,0.1129
0.2,0.0155,-4.914,1017.0,4.526,0.1125
0.2,0.016,-4.888,1034.0,4.542,0.1121
0.2,0.0165,-4.86,1051.0,4.558,0.1118
0.2,0.017,-4.833,1070.0,4.573,0.1115
0.2,0.0175,-4.805,1088.0,4.588,0.1113
0.2,0.018,-4.777,1107.0,4.602,0.111
0.2,0.0185,-4.749,1126.0,4.616,0.1108
0.2,0.019,-4.722,1145.0,4.629,0.1106
0.2,0.0195,-4.695,1164.0,4.642,0.1104
0.2,0.02,-4.669,1182.0,4.654,0.1102
0.2,0.022,-4.572,1255.0,4.701,0.1095
0.2,0.024,-4.476,1330.0,4.744,0.1089
0.2,0.026,-4.379,1409.0,4.782,0.1085
0.2,0.028,-4.29,1485.0,4.817,0.1082
0.2,0.03,-4.206,1560.0,4.848,0.1079
0.2,0.033,-4.096,1664.0,4.891,0.1078
0.2,0.035,-4.023,1735.0,4.917,0.1077
0.2,0.038,-3.91,1851.0,4.952,0.1078
0.2,0.04,-3.838,1928.0,4.973,0.108
0.2,0.043,-3.737,2038.0,5.0,0.1085
0.2,0.045,-3.678,2105.0,5.017,0.1089
0.2,0.048,-3.593,2202.0,5.038,0.1097
0.2,0.05,-3.539,2265.0,5.051,0.1104
0.2,0.053,-3.465,2351.0,5.068,0.1114
0.2,0.055,-3.421,2404.0,5.078,0.1122
0.3,0.0005,-8.052,170.0,3.062,0.1089
0.3,0.001,-7.508,228.0,3.333,0.1128
0.3,0.0015,-7.189,272.0,3.494,0.1147
0.3,0.002,-6.968,307.0,3.609,0.116
0.3,0.0025,-6.801,337.0,3.7,0.1169
0.3,0.003,-6.667,363.0,3.776,0.1173
0.3,0.0035,-6.557,386.0,3.841,0.1175
0.3,0.004,-6.466,407.0,3.899,0.1175
0.3,0.0045,-6.387,426.0,3.952,0.1174
0.3,0.005,-6.318,444.0,3.999,0.1171
0.3,0.006,-6.174,484.0,4.084,0.1163
0.3,0.007,-6.022,530.0,4.157,0.1155
0.3,0.008,-5.895,573.0,4.222,0.1147
0.3,0.009,-5.777,615.0,4.279,0.1139
0.3,0.01,-5.661,660.0,4.33,0.1131
0.3,0.011,-5.511,720.0,4.374,0.1128
0.3,0.0115,-5.371,778.0,4.389,0.1133
0.3,0.012,-5.128,888.0,4.395,0.1151
0.3,0.0125,-4.998,954.0,4.407,0.1159
0.3,0.013,-5.094,911.0,4.438,0.1139
0.3,0.0135,-5.185,871.0,4.468,0.1122
0.3,0.014,-5.22,858.0,4.492,0.1111
0.3,0.0145,-5.216,862.0,4.512,0.1105
0.3,0.015,-5.192,876.0,4.531,0.11
0.3,0.0155,-5.162,892.0,4.548,0.1096
0.3,0.016,-5.131,910.0,4.564,0.1093
0.3,0.0165,-5.101,927.0,4.58,0.109
0.3,0.017,-5.068,946.0,4.596,0.1087
0.3,0.0175,-5.037,964.0,4.61,0.1084
0.3,0.018,-5.007,983.0,4.625,0.1082
0.3,0.0185,-4.977,1001.0,4.639,0.1079
0.3,0.019,-4.948,1019.0,4.652,0.1077
0.3,0.0195,-4.92,1037.0,4.665,0.1074
0.3,0.02,-4.893,1054.0,4.678,0.1072
0.3,0.022,-4.788,1124.0,4.726,0.1064
0.3,0.024,-4.691,1193.0,4.77,0.1057
0.3,0.026,-4.601,1260.0,4.81,0.1051
0.3,0.028,-4.515,1327.0,4.846,0.1045
0.3,0.03,-4.432,1395.0,4.88,0.1041
0.3,0.033,-4.317,1493.0,4.925,0.1036
0.3,0.035,-4.247,1557.0,4.953,0.1034
0.3,0.038,-4.149,1650.0,4.991,0.1031
0.3,0.04,-4.084,1713.0,5.014,0.103
0.3,0.043,-3.985,1814.0,5.046,0.103
0.3,0.045,-3.92,1882.0,5.065,0.1031
0.3,0.048,-3.83,1980.0,5.09,0.1033
0.3,0.05,-3.773,2042.0,5.106,0.1036
0.3,0.053,-3.695,2131.0,5.126,0.1042
0.3,0.055,-3.645,2189.0,5.139,0.1046
0.3,0.058,-3.574,2272.0,5.156,0.1053
0.3,0.06,-3.529,2325.0,5.166,0.1059
0.3,0.063,-3.465,2401.0,5.179,0.1069
0.4,0.0005,-8.204,157.0,3.075,0.1073
0.4,0.001,-7.663,210.0,3.343,0.1115
0.4,0.0015,-7.338,251.0,3.504,0.1134
0.4,0.002,-7.112,284.0,3.619,0.1147
0.4,0.0025,-6.94,312.0,3.71,0.1156
0.4,0.003,-6.801,338.0,3.785,0.116
0.4,0.0035,-6.685,361.0,3.851,0.1163
0.4,0.004,-6.588,381.0,3.908,0.1163
0.4,0.0045,-6.506,400.0,3.961,0.1162
0.4,0.005,-6.434,417.0,4.008,0.1159
0.4,0.006,-6.313,449.0,4.093,0.1152
0.4,0.007,-6.183,486.0,4.166,0.1143
0.4,0.008,-6.046,527.0,4.231,0.1135
0.4,0.009,-5.934,565.0,4.289,0.1126
0.4,0.01,-5.822,605.0,4.341,0.1118
0.4,0.011,-5.678,658.0,4.385,0.1114
0.4,0.0115,-5.551,707.0,4.402,0.1117
0.4,0.012,-5.337,795.0,4.411,0.1129
0.4,0.0125,-5.238,841.0,4.427,0.1131
0.4,0.013,-5.322,807.0,4.457,0.1115
0.4,0.0135,-5.391,781.0,4.484,0.1102
0.4,0.014,-5.412,774.0,4.506,0.1093
0.4,0.0145,-5.398,782.0,4.526,0.1087
0.4,0.015,-5.371,796.0,4.544,0.1083
0.4,0.0155,-5.341,811.0,4.561,0.1079
0.4,0.016,-5.31,828.0,4.578,0.1076
0.4,0.0165,-5.278,844.0,4.594,0.1073
0.4,0.017,-5.246,861.0,4.61,0.1069
0.4,0.0175,-5.213,879.0,4.625,0.1067
0.4,0.018,-5.182,896.0,4.639,0.1064
0.4,0.0185,-5.151,913.0,4.653,0.1061
0.4,0.019,-5.12,931.0,4.667,0.1058
0.4,0.0195,-5.09,948.0,4.681,0.1056
0.4,0.02,-5.061,965.0,4.694,0.1053
0.4,0.022,-4.952,1032.0,4.743,0.1044
0.4,0.024,-4.853,1097.0,4.787,0.1036
0.4,0.026,-4.759,1162.0,4.828,0.1029
0.4,0.028,-4.673,1224.0,4.865,0.1023
0.4,0.03,-4.593,1286.0,4.9,0.1017
0.4,0.033,-4.478,1378.0,4.947,0.1011
0.4,0.035,-4.407,1438.0,4.976,0.1007
0.4,0.038,-4.308,1526.0,5.015,0.1002
0.4,0.04,-4.245,1584.0,5.04,0.1
0.4,0.043,-4.157,1669.0,5.073,0.0997
0.4,0.045,-4.097,1729.0,5.094,0.0996
0.4,0.048,-4.006,1822.0,5.122,0.0996
0.4,0.05,-3.949,1882.0,5.139,0.0997
0.4,0.053,-3.866,1972.0,5.163,0.0999
0.4,0.055,-3.814,2029.0,5.177,0.1001
0.4,0.058,-3.74,2113.0,5.196,0.1006
0.4,0.06,-3.693,2167.0,5.208,0.1009
0.4,0.063,-3.624,2248.0,5.223,0.1016
0.4,0.064,-3.601,2275.0,5.228,0.1019
0.4,0.065,-3.578,2301.0,5.232,0.1021
0.4,0.066,-3.556,2328.0,5.236,0.1024
0.4,0.067,-3.534,2354.0,5.24,0.1027
0.4,0.068,-3.513,2379.0,5.244,0.103
0.4,0.069,-3.491,2405.0,5.247,0.1034
0.6,0.0005,-8.416,140.0,3.091,0.1054
0.6,0.001,-7.879,187.0,3.357,0.1098
0.6,0.0015,-7.552,223.0,3.518,0.1117
0.6,0.002,-7.318,254.0,3.632,0.113
0.6,0.0025,-7.14,281.0,3.723,0.1138
0.6,0.003,-6.995,304.0,3.799,0.1143
0.6,0.0035,-6.874,326.0,3.864,0.1145
0.6,0.004,-6.771,346.0,3.921,0.1146
0.6,0.0045,-6.682,364.0,3.973,0.1145
0.6,0.005,-6.605,381.0,4.02,0.1143
0.6,0.006,-6.476,412.0,4.104,0.1137
0.6,0.007,-6.371,439.0,4.178,0.1129
0.6,0.008,-6.265,468.0,4.243,0.1119
0.6,0.009,-6.151,502.0,4.301,0.111
0.6,0.01,-6.039,537.0,4.354,0.1102
0.6,0.011,-5.909,581.0,4.4,0.1096
0.6,0.0115,-5.799,619.0,4.418,0.1097
0.6,0.012,-5.627,681.0,4.432,0.1103
0.6,0.0125,-5.559,709.0,4.451,0.1101
0.6,0.013,-5.616,690.0,4.477,0.1089
0.6,0.0135,-5.656,677.0,4.502,0.1079
0.6,0.014,-5.661,677.0,4.523,0.1072
0.6,0.0145,-5.64,687.0,4.542,0.1067
0.6,0.015,-5.61,700.0,4.56,0.1063
0.6,0.0155,-5.579,714.0,4.578,0.1059
0.6,0.016,-5.547,729.0,4.594,0.1056
0.6,0.0165,-5.515,743.0,4.611,0.1052
0.6,0.017,-5.484,758.0,4.627,0.1049
0.6,0.0175,-5.453,773.0,4.642,0.1046
0.6,0.018,-5.422,788.0,4.657,0.1042
0.6,0.0185,-5.391,803.0,4.671,0.1039
0.6,0.019,-5.361,819.0,4.685,0.1036
0.6,0.0195,-5.331,834.0,4.699,0.1034
0.6,0.02,-5.302,849.0,4.712,0.1031
0.6,0.022,-5.188,911.0,4.763,0.102
0.6,0.024,-5.084,972.0,4.808,0.1011
0.6,0.026,-4.988,1032.0,4.85,0.1003
0.6,0.028,-4.9,1090.0,4.889,0.0995
0.6,0.03,-4.816,1147.0,4.925,0.0989
0.6,0.033,-4.7,1232.0,4.974,0.098
0.6,0.035,-4.629,1287.0,5.004,0.0975
0.6,0.038,-4.529,1368.0,5.045,0.0968
0.6,0.04,-4.466,1421.0,5.071,0.0965
0.6,0.043,-4.377,1499.0,5.107,0.096
0.6,0.045,-4.32,1551.0,5.129,0.0957
0.6,0.048,-4.237,1630.0,5.16,0.0954
0.6,0.05,-4.183,1683.0,5.179,0.0953
0.6,0.053,-4.102,1764.0,5.205,0.0952
0.6,0.055,-4.049,1818.0,5.221,0.0952
0.6,0.058,-3.972,1899.0,5.243,0.0953
0.6,0.06,-3.922,1954.0,5.256,0.0955
0.6,0.063,-3.847,2036.0,5.274,0.0958
0.6,0.064,-3.822,2064.0,5.279,0.096
0.6,0.065,-3.797,2092.0,5.284,0.0962
0.6,0.066,-3.772,2120.0,5.289,0.0964
0.6,0.067,-3.747,2148.0,5.294,0.0966
0.6,0.068,-3.721,2176.0,5.298,0.0969
0.6,0.069,-3.696,2205.0,5.302,0.0971
0.6,0.07,-3.671,2234.0,5.305,0.0975
0.6,0.071,-3.645,2264.0,5.308,0.0978
0.6,0.072,-3.619,2294.0,5.311,0.0982
0.6,0.073,-3.592,2324.0,5.313,0.0986
0.6,0.074,-3.566,2354.0,5.316,0.099
0.6,0.075,-3.54,2385.0,5.317,0.0995
0.6,0.077,-3.487,2446.0,5.319,0.1005
0.8,0.0005,-8.566,129.0,3.101,0.1042
0.8,0.001,-8.033,172.0,3.365,0.1087
0.8,0.0015,-7.706,205.0,3.526,0.1106
0.8,0.002,-7.47,234.0,3.641,0.1119
0.8,0.0025,-7.287,259.0,3.732,0.1126
0.8,0.003,-7.139,282.0,3.808,0.1131
0.8,0.0035,-7.015,302.0,3.873,0.1133
0.8,0.004,-6.908,321.0,3.93,0.1134
0.8,0.0045,-6.815,339.0,3.982,0.1133
0.8,0.005,-6.734,355.0,4.029,0.1131
0.8,0.006,-6.598,385.0,4.113,0.1126
0.8,0.007,-6.488,412.0,4.186,0.1118
0.8,0.008,-6.394,437.0,4.251,0.1109
0.8,0.009,-6.3,463.0,4.309,0.11
0.8,0.01,-6.196,493.0,4.362,0.1091
0.8,0.011,-6.07,532.0,4.409,0.1084
0.8,0.0115,-5.973,563.0,4.428,0.1084
0.8,0.012,-5.826,612.0,4.444,0.1087
0.8,0.0125,-5.769,633.0,4.464,0.1084
0.8,0.013,-5.809,621.0,4.489,0.1074
0.8,0.0135,-5.834,615.0,4.512,0.1066
0.8,0.014,-5.831,618.0,4.533,0.106
0.8,0.0145,-5.807,628.0,4.552,0.1055
0.8,0.015,-5.776,640.0,4.57,0.1051
0.8,0.0155,-5.744,653.0,4.588,0.1047
0.8,0.016,-5.713,666.0,4.605,0.1043
0.8,0.0165,-5.681,680.0,4.621,0.104
0.8,0.017,-5.649,694.0,4.637,0.1036
0.8,0.0175,-5.618,707.0,4.652,0.1033
0.8,0.018,-5.587,721.0,4.667,0.103
0.8,0.0185,-5.557,735.0,4.682,0.1026
0.8,0.019,-5.527,749.0,4.696,0.1023
0.8,0.0195,-5.498,763.0,4.71,0.102
0.8,0.02,-5.469,777.0,4.724,0.1017
0.8,0.022,-5.358,832.0,4.775,0.1006
0.8,0.024,-5.253,889.0,4.821,0.0996
0.8,0.026,-5.155,945.0,4.864,0.0987
0.8,0.028,-5.064,1000.0,4.904,0.0978
0.8,0.03,-4.98,1053.0,4.94,0.0971
0.8,0.033,-4.863,1133.0,4.99,0.0961
0.8,0.035,-4.79,1185.0,5.021,0.0955
0.8,0.038,-4.687,1262.0,5.064,0.0948
0.8,0.04,-4.624,1312.0,5.091,0.0943
0.8,0.043,-4.535,1386.0,5.128,0.0937
0.8,0.045,-4.478,1434.0,5.151,0.0933
0.8,0.048,-4.396,1508.0,5.183,0.0929
0.8,0.05,-4.342,1557.0,5.203,0.0927
0.8,0.053,-4.263,1631.0,5.23,0.0924
0.8,0.055,-4.211,1682.0,5.248,0.0923
0.8,0.058,-4.134,1759.0,5.271,0.0923
0.8,0.06,-4.082,1811.0,5.285,0.0923
0.8,0.063,-4.004,1893.0,5.304,0.0925
0.8,0.064,-3.977,1921.0,5.31,0.0927
0.8,0.065,-3.95,1949.0,5.315,0.0928
0.8,0.066,-3.923,1979.0,5.32,0.093
0.8,0.067,-3.895,2008.0,5.325,0.0932
0.8,0.068,-3.866,2039.0,5.329,0.0934
0.8,0.069,-3.837,2070.0,5.333,0.0937
0.8,0.07,-3.808,2102.0,5.337,0.094
0.8,0.071,-3.778,2135.0,5.34,0.0943
0.8,0.072,-3.748,2168.0,5.343,0.0947
0.8,0.073,-3.717,2202.0,5.345,0.0951
0.8,0.074,-3.685,2237.0,5.346,0.0955
0.8,0.075,-3.653,2273.0,5.348,0.0961
0.8,0.077,-3.588,2346.0,5.348,0.0972
0.8,0.078,-3.555,2383.0,5.348,0.0979
0.8,0.08,-3.489,2456.0,5.346,0.0994
1.0,0.0005,-8.683,121.0,3.109,0.1033
1.0,0.001,-8.151,161.0,3.372,0.1079
1.0,0.0015,-7.826,193.0,3.533,0.1098
1.0,0.002,-7.589,219.0,3.648,0.111
1.0,0.0025,-7.404,243.0,3.739,0.1118
1.0,0.003,-7.253,265.0,3.814,0.1122
1.0,0.0035,-7.126,285.0,3.88,0.1125
1.0,0.004,-7.017,303.0,3.937,0.1125
1.0,0.0045,-6.922,320.0,3.989,0.1124
1.0,0.005,-6.838,336.0,4.036,0.1123
1.0,0.006,-6.697,366.0,4.119,0.1117
1.0,0.007,-6.582,392.0,4.192,0.111
1.0,0.008,-6.486,416.0,4.257,0.1102
1.0,0.009,-6.401,438.0,4.315,0.1093
1.0,0.01,-6.312,463.0,4.368,0.1083
1.0,0.011,-6.196,497.0,4.415,0.1076
1.0,0.0115,-6.104,524.0,4.436,0.1075
1.0,0.012,-5.976,564.0,4.453,0.1076
1.0,0.0125,-5.925,582.0,4.473,0.1073
1.0,0.013,-5.952,575.0,4.497,0.1064
1.0,0.0135,-5.967,572.0,4.52,0.1057
1.0,0.014,-5.959,576.0,4.541,0.1051
1.0,0.0145,-5.933,586.0,4.559,0.1047
1.0,0.015,-5.902,598.0,4.578,0.1042
1.0,0.0155,-5.871,610.0,4.595,0.1039
1.0,0.016,-5.84,622.0,4.612,0.1035
1.0,0.0165,-5.809,634.0,4.628,0.1031
1.0,0.017,-5.778,647.0,4.644,0.1028
1.0,0.0175,-5.747,660.0,4.66,0.1024
1.0,0.018,-5.716,673.0,4.675,0.1021
1.0,0.0185,-5.686,685.0,4.69,0.1017
1.0,0.019,-5.656,698.0,4.704,0.1014
1.0,0.0195,-5.627,711.0,4.718,0.1011
1.0,0.02,-5.598,725.0,4.732,0.1008
1.0,0.022,-5.487,777.0,4.783,0.0996
1.0,0.024,-5.385,828.0,4.831,0.0985
1.0,0.026,-5.287,881.0,4.874,0.0976
1.0,0.028,-5.195,933.0,4.914,0.0967
1.0,0.03,-5.109,984.0,4.951,0.0959
1.0,0.033,-4.991,1059.0,5.002,0.0948
1.0,0.035,-4.918,1109.0,5.034,0.0942
1.0,0.038,-4.814,1182.0,5.078,0.0933
1.0,0.04,-4.749,1231.0,5.105,0.0928
1.0,0.043,-4.659,1301.0,5.142,0.0921
1.0,0.045,-4.602,1348.0,5.166,0.0917
1.0,0.048,-4.52,1417.0,5.199,0.0912
1.0,0.05,-4.466,1463.0,5.22,0.0909
1.0,0.053,-4.388,1534.0,5.248,0.0905
1.0,0.055,-4.336,1582.0,5.266,0.0903
1.0,0.058,-4.258,1656.0,5.291,0.0902
1.0,0.06,-4.205,1708.0,5.306,0.0902
1.0,0.063,-4.124,1788.0,5.325,0.0903
1.0,0.064,-4.096,1816.0,5.331,0.0904
1.0,0.065,-4.067,1845.0,5.337,0.0905
1.0,0.066,-4.038,1875.0,5.342,0.0907
1.0,0.067,-4.007,1906.0,5.347,0.0909
1.0,0.068,-3.977,1938.0,5.351,0.0911
1.0,0.069,-3.945,1971.0,5.355,0.0914
1.0,0.07,-3.912,2005.0,5.358,0.0917
1.0,0.071,-3.878,2041.0,5.361,0.092
1.0,0.072,-3.843,2078.0,5.363,0.0924
1.0,0.073,-3.807,2116.0,5.365,0.0929
1.0,0.074,-3.771,2155.0,5.366,0.0934
1.0,0.075,-3.734,2195.0,5.367,0.0939
1.0,0.077,-3.657,2278.0,5.366,0.0952
1.0,0.078,-3.618,2321.0,5.365,0.096
1.0,0.08,-3.54,2406.0,5.361,0.0977
1.5,0.0005,-8.891,108.0,3.121,0.1018
1.5,0.001,-8.36,144.0,3.382,0.1066
1.5,0.0015,-8.038,171.0,3.543,0.1084
1.5,0.002,-7.803,195.0,3.659,0.1096
1.5,0.0025,-7.615,217.0,3.75,0.1103
1.5,0.003,-7.46,237.0,3.826,0.1108
1.5,0.0035,-7.329,255.0,3.891,0.111
1.5,0.004,-7.216,272.0,3.949,0.111
1.5,0.0045,-7.118,288.0,4.0,0.111
1.5,0.005,-7.031,303.0,4.048,0.1108
1.5,0.006,-6.881,331.0,4.131,0.1103
1.5,0.007,-6.758,356.0,4.203,0.1096
1.5,0.008,-6.656,379.0,4.268,0.1088
1.5,0.009,-6.568,400.0,4.325,0.1079
1.5,0.01,-6.489,421.0,4.378,0.1071
1.5,0.011,-6.399,445.0,4.426,0.1063
1.5,0.0115,-6.329,464.0,4.447,0.106
1.5,0.012,-6.235,490.0,4.467,0.1059
1.5,0.0125,-6.189,504.0,4.488,0.1056
1.5,0.013,-6.195,504.0,4.51,0.1049
1.5,0.0135,-6.198,504.0,4.532,0.1042
1.5,0.014,-6.176,512.0,4.552,0.1037
1.5,0.0145,-6.148,521.0,4.571,0.1033
1.5,0.015,-6.123,530.0,4.589,0.1029
1.5,0.0155,-6.087,542.0,4.606,0.1025
1.5,0.016,-6.056,553.0,4.624,0.1021
1.5,0.0165,-6.026,563.0,4.64,0.1017
1.5,0.017,-5.997,574.0,4.656,0.1014
1.5,0.0175,-5.969,584.0,4.672,0.101
1.5,0.018,-5.941,595.0,4.687,0.1007
1.5,0.0185,-5.912,606.0,4.702,0.1003
1.5,0.019,-5.884,617.0,4.717,0.1
1.5,0.0195,-5.856,628.0,4.731,0.0996
1.5,0.02,-5.828,639.0,4.745,0.0993
1.5,0.022,-5.719,685.0,4.797,0.0981
1.5,0.024,-5.614,732.0,4.845,0.0969
1.5,0.026,-5.518,778.0,4.889,0.0959
1.5,0.028,-5.427,824.0,4.93,0.0949
1.5,0.03,-5.341,869.0,4.968,0.094
1.5,0.033,-5.222,937.0,5.021,0.0928
1.5,0.035,-5.147,982.0,5.053,0.0921
1.5,0.038,-5.043,1049.0,5.098,0.0911
1.5,0.04,-4.978,1092.0,5.126,0.0905
1.5,0.043,-4.885,1157.0,5.166,0.0897
1.5,0.045,-4.827,1201.0,5.19,0.0892
1.5,0.048,-4.743,1264.0,5.225,0.0885
1.5,0.05,-4.69,1307.0,5.246,0.0881
1.5,0.053,-4.611,1371.0,5.276,0.0876
1.5,0.055,-4.559,1415.0,5.295,0.0874
1.5,0.058,-4.484,1481.0,5.322,0.087
1.5,0.06,-4.429,1529.0,5.338,0.0869
1.5,0.063,-4.341,1608.0,5.359,0.0869
1.5,0.064,-4.31,1637.0,5.365,0.087
1.5,0.065,-4.277,1667.0,5.371,0.0871
1.5,0.066,-4.24,1701.0,5.375,0.0873
1.5,0.067,-4.207,1732.0,5.381,0.0874
1.5,0.068,-4.17,1767.0,5.385,0.0876
1.5,0.069,-4.132,1804.0,5.388,0.0879
1.5,0.07,-4.088,1846.0,5.391,0.0883
1.5,0.071,-4.046,1887.0,5.393,0.0887
1.5,0.072,-4.001,1931.0,5.395,0.0892
1.5,0.073,-3.954,1978.0,5.395,0.0897
1.5,0.074,-3.906,2026.0,5.395,0.0903
1.5,0.075,-3.856,2077.0,5.394,0.091
1.5,0.077,-3.754,2183.0,5.39,0.0927
1.5,0.078,-3.702,2238.0,5.386,0.0937
1.5,0.08,-3.601,2346.0,5.378,0.0958
1.5,0.083,-3.461,2496.0,5.362,0.0994
2.0,0.001,-8.519,132.0,3.39,0.1056
2.0,0.0015,-8.198,157.0,3.551,0.1075
2.0,0.002,-7.965,179.0,3.666,0.1087
2.0,0.0025,-7.778,198.0,3.758,0.1094
2.0,0.003,-7.621,217.0,3.834,0.1098
2.0,0.0035,-7.488,234.0,3.899,0.1099
2.0,0.004,-7.372,250.0,3.957,0.11
2.0,0.0045,-7.27,265.0,4.009,0.1099
2.0,0.005,-7.18,279.0,4.056,0.1097
2.0,0.006,-7.026,306.0,4.139,0.1092
2.0,0.007,-6.898,330.0,4.211,0.1085
2.0,0.008,-6.791,353.0,4.276,0.1078
2.0,0.009,-6.698,373.0,4.333,0.107
2.0,0.01,-6.617,393.0,4.386,0.1061
2.0,0.011,-6.535,413.0,4.434,0.1053
2.0,0.0115,-6.481,427.0,4.456,0.105
2.0,0.012,-6.405,446.0,4.475,0.1049
2.0,0.0125,-6.362,458.0,4.496,0.1045
2.0,0.013,-6.359,460.0,4.519,0.1039
2.0,0.0135,-6.352,464.0,4.54,0.1033
2.0,0.014,-6.332,470.0,4.56,0.1028
2.0,0.0145,-6.304,479.0,4.579,0.1024
2.0,0.015,-6.273,488.0,4.597,0.102
2.0,0.0155,-6.243,498.0,4.614,0.1016
2.0,0.016,-6.214,507.0,4.631,0.1012
2.0,0.0165,-6.185,517.0,4.648,0.1008
2.0,0.017,-6.158,526.0,4.664,0.1004
2.0,0.0175,-6.13,535.0,4.68,0.1001
2.0,0.018,-6.102,545.0,4.695,0.0997
2.0,0.0185,-6.075,554.0,4.71,0.0994
2.0,0.019,-6.049,564.0,4.725,0.099
2.0,0.0195,-6.023,573.0,4.739,0.0987
2.0,0.02,-5.997,583.0,4.753,0.0983
2.0,0.022,-5.898,621.0,4.806,0.0971
2.0,0.024,-5.794,664.0,4.855,0.0959
2.0,0.026,-5.695,707.0,4.899,0.0948
2.0,0.028,-5.602,750.0,4.941,0.0937
2.0,0.03,-5.517,791.0,4.98,0.0928
2.0,0.033,-5.399,853.0,5.033,0.0915
2.0,0.035,-5.324,894.0,5.066,0.0907
2.0,0.038,-5.219,955.0,5.112,0.0896
2.0,0.04,-5.153,996.0,5.141,0.089
2.0,0.043,-5.06,1056.0,5.181,0.0881
2.0,0.045,-5.001,1096.0,5.206,0.0875
2.0,0.048,-4.917,1156.0,5.242,0.0868
2.0,0.05,-4.862,1196.0,5.264,0.0864
2.0,0.053,-4.782,1256.0,5.295,0.0858
2.0,0.055,-4.729,1297.0,5.315,0.0854
2.0,0.058,-4.648,1362.0,5.342,0.0851
2.0,0.06,-4.591,1409.0,5.358,0.0849
2.0,0.063,-4.496,1488.0,5.379,0.0849
2.0,0.064,-4.466,1514.0,5.386,0.0849
2.0,0.065,-4.431,1545.0,5.392,0.085
2.0,0.066,-4.393,1577.0,5.398,0.0851
2.0,0.067,-4.354,1612.0,5.402,0.0852
2.0,0.068,-4.311,1650.0,5.406,0.0855
2.0,0.069,-4.266,1690.0,5.41,0.0858
2.0,0.07,-4.218,1734.0,5.412,0.0861
2.0,0.071,-4.167,1781.0,5.414,0.0866
2.0,0.072,-4.113,1831.0,5.414,0.0871
2.0,0.073,-4.056,1886.0,5.414,0.0878
2.0,0.074,-3.997,1943.0,5.413,0.0885
2.0,0.075,-3.935,2003.0,5.41,0.0894
2.0,0.077,-3.809,2130.0,5.402,0.0914
2.0,0.078,-3.747,2194.0,5.397,0.0925
2.0,0.08,-3.628,2319.0,5.385,0.095
2.0,0.083,-3.472,2486.0,5.365,0.099
3.0,0.001,-8.732,117.0,3.4,0.1045
3.0,0.0015,-8.411,140.0,3.56,0.1064
3.0,0.002,-8.179,159.0,3.676,0.1075
3.0,0.0025,-7.995,176.0,3.767,0.1082
3.0,0.003,-7.84,192.0,3.843,0.1085
3.0,0.0035,-7.705,207.0,3.909,0.1087
3.0,0.004,-7.587,222.0,3.967,0.1087
3.0,0.0045,-7.483,236.0,4.019,0.1086
3.0,0.005,-7.389,249.0,4.066,0.1084
3.0,0.006,-7.228,274.0,4.15,0.1079
3.0,0.007,-7.095,297.0,4.222,0.1072
3.0,0.008,-6.981,318.0,4.286,0.1065
3.0,0.009,-6.883,338.0,4.344,0.1057
3.0,0.01,-6.796,356.0,4.396,0.1049
3.0,0.011,-6.712,375.0,4.444,0.1041
3.0,0.0115,-6.666,386.0,4.466,0.1037
3.0,0.012,-6.606,400.0,4.487,0.1035
3.0,0.0125,-6.569,410.0,4.508,0.1031
3.0,0.013,-6.558,413.0,4.529,0.1026
3.0,0.0135,-6.544,418.0,4.55,0.1021
3.0,0.014,-6.522,424.0,4.57,0.1016
3.0,0.0145,-6.495,431.0,4.589,0.1012
3.0,0.015,-6.468,439.0,4.607,0.1008
3.0,0.0155,-6.438,447.0,4.624,0.1004
3.0,0.016,-6.41,456.0,4.641,0.1
3.0,0.0165,-6.382,464.0,4.658,0.0996
3.0,0.017,-6.355,472.0,4.674,0.0993
3.0,0.0175,-6.329,480.0,4.69,0.0989
3.0,0.018,-6.304,488.0,4.705,0.0986
3.0,0.0185,-6.279,496.0,4.72,0.0982
3.0,0.019,-6.255,504.0,4.735,0.0979
3.0,0.0195,-6.231,512.0,4.749,0.0975
3.0,0.02,-6.207,519.0,4.763,0.0972
3.0,0.022,-6.116,551.0,4.817,0.0959
3.0,0.024,-6.027,584.0,4.866,0.0947
3.0,0.026,-5.939,618.0,4.911,0.0935
3.0,0.028,-5.847,656.0,4.953,0.0924
3.0,0.03,-5.758,694.0,4.993,0.0914
3.0,0.033,-5.636,750.0,5.047,0.09
3.0,0.035,-5.562,786.0,5.081,0.0892
3.0,0.038,-5.459,840.0,5.128,0.088
3.0,0.04,-5.393,876.0,5.158,0.0873
3.0,0.043,-5.299,930.0,5.199,0.0863
3.0,0.045,-5.239,966.0,5.225,0.0857
3.0,0.048,-5.153,1020.0,5.261,0.0849
3.0,0.05,-5.098,1056.0,5.284,0.0843
3.0,0.053,-5.017,1111.0,5.317,0.0837
3.0,0.055,-4.963,1149.0,5.337,0.0833
3.0,0.058,-4.881,1208.0,5.365,0.0828
3.0,0.06,-4.821,1252.0,5.383,0.0825
3.0,0.063,-4.723,1326.0,5.405,0.0824
3.0,0.064,-4.686,1355.0,5.412,0.0824
3.0,0.065,-4.646,1385.0,5.418,0.0824
3.0,0.066,-4.604,1419.0,5.424,0.0825
3.0,0.067,-4.557,1456.0,5.428,0.0827
3.0,0.068,-4.507,1496.0,5.432,0.0829
3.0,0.069,-4.453,1541.0,5.435,0.0833
3.0,0.07,-4.392,1591.0,5.437,0.0837
3.0,0.071,-4.327,1647.0,5.438,0.0842
3.0,0.072,-4.256,1709.0,5.437,0.0849
3.0,0.073,-4.18,1777.0,5.435,0.0857
3.0,0.074,-4.1,1850.0,5.431,0.0867
3.0,0.075,-4.018,1927.0,5.426,0.0878
3.0,0.077,-3.856,2086.0,5.412,0.0904
3.0,0.078,-3.779,2163.0,5.404,0.0918
3.0,0.08,-3.642,2305.0,5.389,0.0946
3.0,0.083,-3.476,2482.0,5.367,0.0988
4.0,0.001,-8.888,108.0,3.407,0.1036
4.0,0.0015,-8.567,128.0,3.566,0.1056
4.0,0.002,-8.337,146.0,3.682,0.1067
4.0,0.0025,-8.153,161.0,3.774,0.1074
4.0,0.003,-8.0,176.0,3.85,0.1077
4.0,0.0035,-7.866,190.0,3.916,0.1079
4.0,0.004,-7.747,203.0,3.974,0.1078
4.0,0.0045,-7.642,216.0,4.026,0.1077
4.0,0.005,-7.547,228.0,4.074,0.1075
4.0,0.006,-7.381,252.0,4.157,0.107
4.0,0.007,-7.243,274.0,4.23,0.1063
4.0,0.008,-7.126,294.0,4.294,0.1056
4.0,0.009,-7.024,313.0,4.351,0.1048
4.0,0.01,-6.933,331.0,4.404,0.104
4.0,0.011,-6.848,349.0,4.452,0.1032
4.0,0.0115,-6.801,359.0,4.474,0.1028
4.0,0.012,-6.746,371.0,4.495,0.1026
4.0,0.0125,-6.71,379.0,4.516,0.1022
4.0,0.013,-6.692,384.0,4.537,0.1017
4.0,0.0135,-6.674,389.0,4.557,0.1012
4.0,0.014,-6.652,395.0,4.577,0.1008
4.0,0.0145,-6.625,402.0,4.596,0.1004
4.0,0.015,-6.598,409.0,4.614,0.1
4.0,0.0155,-6.572,416.0,4.631,0.0996
4.0,0.016,-6.545,423.0,4.648,0.0992
4.0,0.0165,-6.519,431.0,4.665,0.0989
4.0,0.017,-6.493,438.0,4.681,0.0985
4.0,0.0175,-6.467,445.0,4.697,0.0981
4.0,0.018,-6.442,453.0,4.712,0.0978
4.0,0.0185,-6.417,460.0,4.727,0.0974
4.0,0.019,-6.393,467.0,4.742,0.0971
4.0,0.0195,-6.37,474.0,4.756,0.0967
4.0,0.02,-6.348,481.0,4.77,0.0964
4.0,0.022,-6.264,508.0,4.824,0.0951
4.0,0.024,-6.183,536.0,4.873,0.0939
4.0,0.026,-6.103,565.0,4.918,0.0927
4.0,0.028,-6.024,595.0,4.961,0.0916
4.0,0.03,-5.939,628.0,5.001,0.0905
4.0,0.033,-5.814,680.0,5.056,0.0891
4.0,0.035,-5.738,714.0,5.091,0.0882
4.0,0.038,-5.634,764.0,5.138,0.087
4.0,0.04,-5.569,796.0,5.168,0.0862
4.0,0.043,-5.476,845.0,5.21,0.0852
4.0,0.045,-5.417,878.0,5.237,0.0845
4.0,0.048,-5.33,928.0,5.274,0.0837
4.0,0.05,-5.274,961.0,5.297,0.0831
4.0,0.053,-5.192,1012.0,5.33,0.0824
4.0,0.055,-5.137,1048.0,5.351,0.0819
4.0,0.058,-5.052,1104.0,5.38,0.0814
4.0,0.06,-4.99,1146.0,5.398,0.0811
4.0,0.063,-4.887,1218.0,5.422,0.0808
4.0,0.064,-4.848,1246.0,5.429,0.0808
4.0,0.065,-4.805,1276.0,5.435,0.0809
4.0,0.066,-4.759,1310.0,5.441,0.0809
4.0,0.067,-4.709,1347.0,5.446,0.0811
4.0,0.068,-4.653,1389.0,5.45,0.0813
4.0,0.069,-4.588,1439.0,5.452,0.0817
4.0,0.07,-4.521,1492.0,5.454,0.0821
4.0,0.071,-4.443,1554.0,5.454,0.0827
4.0,0.072,-4.357,1626.0,5.452,0.0835
4.0,0.073,-4.264,1706.0,5.448,0.0844
4.0,0.074,-4.166,1793.0,5.442,0.0856
4.0,0.075,-4.066,1885.0,5.434,0.0869
4.0,0.077,-3.875,2067.0,5.416,0.0899
4.0,0.078,-3.79,2152.0,5.407,0.0915
4.0,0.08,-3.645,2302.0,5.389,0.0945
4.0,0.083,-3.476,2481.0,5.367,0.0988
6.0,0.001,-9.106,95.0,3.416,0.1026
6.0,0.0015,-8.784,114.0,3.575,0.1046
6.0,0.002,-8.553,129.0,3.69,0.1057
6.0,0.0025,-8.371,143.0,3.782,0.1064
6.0,0.003,-8.218,156.0,3.858,0.1067
6.0,0.0035,-8.086,168.0,3.924,0.1068
6.0,0.004,-7.97,180.0,3.983,0.1068
6.0,0.0045,-7.865,191.0,4.035,0.1066
6.0,0.005,-7.769,202.0,4.083,0.1064
6.0,0.006,-7.601,223.0,4.167,0.1058
6.0,0.007,-7.457,243.0,4.239,0.1051
6.0,0.008,-7.334,262.0,4.303,0.1044
6.0,0.009,-7.227,280.0,4.361,0.1036
6.0,0.01,-7.133,297.0,4.414,0.1028
6.0,0.011,-7.045,313.0,4.462,0.102
6.0,0.0115,-6.999,322.0,4.484,0.1017
6.0,0.012,-6.948,332.0,4.505,0.1013
6.0,0.0125,-6.91,340.0,4.526,0.101
6.0,0.013,-6.886,346.0,4.547,0.1005
6.0,0.0135,-6.862,351.0,4.567,0.1001
6.0,0.014,-6.836,357.0,4.587,0.0996
6.0,0.0145,-6.808,364.0,4.605,0.0993
6.0,0.015,-6.779,371.0,4.623,0.0989
6.0,0.0155,-6.752,377.0,4.641,0.0985
6.0,0.016,-6.725,384.0,4.658,0.0981
6.0,0.0165,-6.699,390.0,4.675,0.0978
6.0,0.017,-6.674,397.0,4.691,0.0974
6.0,0.0175,-6.649,403.0,4.706,0.0971
6.0,0.018,-6.626,409.0,4.722,0.0967
6.0,0.0185,-6.602,416.0,4.737,0.0964
6.0,0.019,-6.579,422.0,4.752,0.096
6.0,0.0195,-6.556,428.0,4.766,0.0957
6.0,0.02,-6.534,435.0,4.78,0.0954
6.0,0.022,-6.449,459.0,4.833,0.0941
6.0,0.024,-6.374,483.0,4.882,0.0929
6.0,0.026,-6.306,505.0,4.928,0.0917
6.0,0.028,-6.239,528.0,4.971,0.0906
6.0,0.03,-6.172,552.0,5.011,0.0895
6.0,0.033,-6.064,593.0,5.067,0.088
6.0,0.035,-5.985,624.0,5.102,0.0871
6.0,0.038,-5.877,669.0,5.15,0.0858
6.0,0.04,-5.812,697.0,5.181,0.085
6.0,0.043,-5.721,740.0,5.223,0.0839
6.0,0.045,-5.663,768.0,5.25,0.0832
6.0,0.048,-5.579,811.0,5.288,0.0823
6.0,0.05,-5.523,840.0,5.313,0.0817
6.0,0.053,-5.441,885.0,5.347,0.0808
6.0,0.055,-5.385,917.0,5.368,0.0803
6.0,0.058,-5.297,969.0,5.398,0.0797
6.0,0.06,-5.233,1007.0,5.417,0.0794
6.0,0.063,-5.126,1074.0,5.442,0.079
6.0,0.064,-5.084,1100.0,5.449,0.079
6.0,0.065,-5.038,1130.0,5.456,0.0789
6.0,0.066,-4.987,1163.0,5.462,0.079
6.0,0.067,-4.93,1201.0,5.467,0.0791
6.0,0.068,-4.865,1245.0,5.471,0.0793
6.0,0.069,-4.791,1297.0,5.474,0.0796
6.0,0.07,-4.704,1359.0,5.475,0.0802
6.0,0.071,-4.608,1430.0,5.474,0.0808
6.0,0.072,-4.496,1517.0,5.47,0.0818
6.0,0.073,-4.372,1617.0,5.463,0.083
6.0,0.074,-4.24,1729.0,5.453,0.0845
6.0,0.075,-4.11,1845.0,5.442,0.0862
6.0,0.077,-3.886,2057.0,5.418,0.0897
6.0,0.078,-3.795,2148.0,5.408,0.0914
6.0,0.08,-3.645,2302.0,5.39,0.0945
6.0,0.083,-3.477,2481.0,5.367,0.0988
8.0,0.001,-9.261,88.0,3.422,0.1019
8.0,0.0015,-8.938,104.0,3.58,0.1039
8.0,0.002,-8.707,119.0,3.696,0.1051
8.0,0.0025,-8.525,131.0,3.787,0.1057
8.0,0.003,-8.372,143.0,3.864,0.1061
8.0,0.0035,-8.242,154.0,3.93,0.1062
8.0,0.004,-8.126,165.0,3.988,0.1061
8.0,0.0045,-8.022,175.0,4.041,0.106
8.0,0.005,-7.927,185.0,4.088,0.1057
8.0,0.006,-7.76,204.0,4.172,0.1051
8.0,0.007,-7.614,223.0,4.245,0.1044
8.0,0.008,-7.488,241.0,4.31,0.1036
8.0,0.009,-7.377,258.0,4.368,0.1028
8.0,0.01,-7.28,274.0,4.42,0.102
8.0,0.011,-7.19,289.0,4.468,0.1012
8.0,0.0115,-7.144,297.0,4.491,0.1009
8.0,0.012,-7.095,307.0,4.512,0.1005
8.0,0.0125,-7.056,314.0,4.533,0.1001
8.0,0.013,-7.029,320.0,4.554,0.0997
8.0,0.0135,-7.002,325.0,4.574,0.0993
8.0,0.014,-6.974,331.0,4.593,0.0989
8.0,0.0145,-6.944,338.0,4.612,0.0985
8.0,0.015,-6.914,344.0,4.63,0.0981
8.0,0.0155,-6.885,351.0,4.648,0.0978
8.0,0.016,-6.858,357.0,4.665,0.0974
8.0,0.0165,-6.831,363.0,4.681,0.097
8.0,0.017,-6.805,369.0,4.697,0.0967
8.0,0.0175,-6.779,375.0,4.713,0.0963
8.0,0.018,-6.755,381.0,4.728,0.096
8.0,0.0185,-6.731,387.0,4.743,0.0956
8.0,0.019,-6.708,393.0,4.758,0.0953
8.0,0.0195,-6.685,399.0,4.772,0.095
8.0,0.02,-6.663,405.0,4.786,0.0946
8.0,0.022,-6.579,428.0,4.84,0.0934
8.0,0.024,-6.502,450.0,4.889,0.0922
8.0,0.026,-6.433,471.0,4.934,0.091
8.0,0.028,-6.371,491.0,4.977,0.0899
8.0,0.03,-6.312,512.0,5.017,0.0888
8.0,0.033,-6.225,542.0,5.074,0.0873
8.0,0.035,-6.163,565.0,5.109,0.0864
8.0,0.038,-6.053,607.0,5.158,0.0851
8.0,0.04,-5.983,635.0,5.189,0.0842
8.0,0.043,-5.891,674.0,5.232,0.0831
8.0,0.045,-5.834,699.0,5.259,0.0824
8.0,0.048,-5.753,737.0,5.297,0.0814
8.0,0.05,-5.699,763.0,5.322,0.0808
8.0,0.053,-5.618,804.0,5.356,0.0799
8.0,0.055,-5.563,833.0,5.378,0.0794
8.0,0.058,-5.474,880.0,5.409,0.0787
8.0,0.06,-5.411,915.0,5.428,0.0783
8.0,0.063,-5.299,979.0,5.454,0.0779
8.0,0.064,-5.258,1003.0,5.462,0.0778
8.0,0.065,-5.21,1031.0,5.469,0.0778
8.0,0.066,-5.156,1063.0,5.475,0.0778
8.0,0.067,-5.096,1100.0,5.481,0.0779
8.0,0.068,-5.026,1144.0,5.485,0.078
8.0,0.069,-4.944,1197.0,5.488,0.0783
8.0,0.07,-4.846,1263.0,5.489,0.0788
8.0,0.071,-4.733,1342.0,5.487,0.0796
8.0,0.072,-4.598,1441.0,5.482,0.0806
8.0,0.073,-4.444,1560.0,5.473,0.0821
8.0,0.074,-4.282,1694.0,5.46,0.0839
8.0,0.075,-4.13,1828.0,5.445,0.0859
8.0,0.077,-3.888,2055.0,5.419,0.0897
8.0,0.078,-3.795,2147.0,5.408,0.0914
8.0,0.08,-3.646,2301.0,5.39,0.0945
8.0,0.083,-3.477,2481.0,5.367,0.0988
10.0,0.0015,-9.058,98.0,3.585,0.1034
10.0,0.002,-8.826,111.0,3.7,0.1046
10.0,0.0025,-8.644,123.0,3.791,0.1052
10.0,0.003,-8.492,134.0,3.868,0.1056
10.0,0.0035,-8.361,144.0,3.934,0.1057
10.0,0.004,-8.246,154.0,3.992,0.1056
10.0,0.0045,-8.143,164.0,4.045,0.1055
10.0,0.005,-8.049,173.0,4.092,0.1052
10.0,0.006,-7.883,191.0,4.177,0.1046
10.0,0.007,-7.737,208.0,4.25,0.1039
10.0,0.008,-7.61,225.0,4.314,0.1031
10.0,0.009,-7.497,241.0,4.372,0.1023
10.0,0.01,-7.397,256.0,4.425,0.1014
10.0,0.011,-7.305,271.0,4.473,0.1007
10.0,0.0115,-7.26,279.0,4.496,0.1003
10.0,0.012,-7.211,287.0,4.517,0.0999
10.0,0.0125,-7.172,295.0,4.538,0.0995
10.0,0.013,-7.143,300.0,4.559,0.0991
10.0,0.0135,-7.114,306.0,4.579,0.0987
10.0,0.014,-7.084,312.0,4.598,0.0983
10.0,0.0145,-7.053,318.0,4.617,0.0979
10.0,0.015,-7.022,324.0,4.635,0.0976
10.0,0.0155,-6.993,331.0,4.653,0.0972
10.0,0.016,-6.964,337.0,4.67,0.0968
10.0,0.0165,-6.937,343.0,4.686,0.0965
10.0,0.017,-6.91,349.0,4.702,0.0961
10.0,0.0175,-6.884,355.0,4.718,0.0958
10.0,0.018,-6.859,360.0,4.734,0.0954
10.0,0.0185,-6.834,366.0,4.748,0.0951
10.0,0.019,-6.81,372.0,4.763,0.0947
10.0,0.0195,-6.787,377.0,4.777,0.0944
10.0,0.02,-6.764,383.0,4.791,0.0941
10.0,0.022,-6.68,405.0,4.845,0.0928
10.0,0.024,-6.602,426.0,4.894,0.0916
10.0,0.026,-6.532,447.0,4.939,0.0905
10.0,0.028,-6.469,466.0,4.982,0.0894
10.0,0.03,-6.411,485.0,5.022,0.0884
10.0,0.033,-6.33,512.0,5.078,0.0869
10.0,0.035,-6.278,531.0,5.114,0.0859
10.0,0.038,-6.195,561.0,5.163,0.0846
10.0,0.04,-6.128,586.0,5.194,0.0837
10.0,0.043,-6.023,627.0,5.237,0.0826
10.0,0.045,-5.965,651.0,5.265,0.0818
10.0,0.048,-5.885,686.0,5.304,0.0808
10.0,0.05,-5.832,710.0,5.328,0.0802
10.0,0.053,-5.755,746.0,5.363,0.0793
10.0,0.055,-5.701,772.0,5.385,0.0788
10.0,0.058,-5.613,816.0,5.416,0.0781
10.0,0.06,-5.55,848.0,5.436,0.0776
10.0,0.063,-5.44,907.0,5.462,0.0772
10.0,0.064,-5.398,930.0,5.47,0.077
10.0,0.065,-5.348,957.0,5.478,0.077
10.0,0.066,-5.293,988.0,5.485,0.077
10.0,0.067,-5.23,1024.0,5.491,0.077
10.0,0.068,-5.157,1067.0,5.496,0.0771
10.0,0.069,-5.07,1120.0,5.499,0.0774
10.0,0.07,-4.965,1186.0,5.5,0.0779
10.0,0.071,-4.837,1271.0,5.498,0.0786
10.0,0.072,-4.681,1381.0,5.491,0.0798
10.0,0.073,-4.498,1518.0,5.479,0.0814
10.0,0.074,-4.308,1672.0,5.463,0.0835
10.0,0.075,-4.138,1820.0,5.447,0.0857
10.0,0.077,-3.888,2055.0,5.419,0.0897
10.0,0.078,-3.796,2147.0,5.408,0.0914
10.0,0.08,-3.646,2301.0,5.39,0.0945
10.0,0.083,-3.477,2481.0,5.367,0.0988
