time,baseline,rv,model_time,model,residuals
2459113.834178,-1.5798749003260957,-9.3999,2459113.834178,-7.800481742095709,-0.019543357578195142
2459115.946682,-1.5798749003260957,6.6272,2459114.5830800054,-6.09106794556246,-0.5547411000817268
2459117.79187,-1.5798749003260957,-10.6036,2459115.33198201,4.131293070135862,-0.3327006855823207
2459126.791904,-1.5798749003260957,5.8671,2459116.080884015,8.613046696353079,0.19196785752397627
2459127.793411,-1.5798749003260957,2.7399,2459116.8297860203,1.030017712477936,0.3331234325867527
2459128.777122,-1.5798749003260957,-9.5965,2459117.5786880255,-7.925254077498143,0.049913273536743574
2459130.854558,-1.5798749003260957,6.9947,2459118.32759003,-5.8797528878085,-0.1914542290081025
2459131.876366,-1.5798749003260957,-3.0743,2459119.0764920353,4.388053953477181,-0.354609531640798
2459132.790768,-1.5798749003260957,-10.5483,2459119.8253940404,8.553035500919826,-0.2971084225973879
2459133.785629,-1.5798749003260957,-0.0577,2459120.574296045,0.7395746720499724,-0.2519516124017226
2459861.726508,-1.5798749003260957,0.0013,2459121.3231980503,-8.041251366098312,-0.06692895822898412
2459861.7427,-1.5798749003260957,0.0089,2459122.0721000554,-5.661837516877896,0.17573378618256372
2459861.762933,-1.5798749003260957,-0.5113,2459122.82100206,4.639939095211474,-0.04936840212308169
2459861.779137,-1.5798749003260957,-0.6911,2459123.569904065,8.483395243232826,0.00804982023099865
2459861.795463,-1.5798749003260957,-0.9337,2459124.3188060704,0.44840117679136204,0.005054160838220745
2459861.812957,-1.5798749003260957,-1.0905,2459125.0677080755,-8.148347452063586,0.10546324199294288
2459861.829619,-1.5798749003260957,-1.5042,2459125.81661008,-5.4375593258784605,-0.06301484087265341
2459861.845788,-1.5798749003260957,-1.6482,2459126.5655120853,4.886660819682086,0.03099462698850619
2459861.862097,-1.5798749003260957,-1.9715,2459127.3144140905,8.404208063720835,-0.05237274678294601
2459861.873585,-1.5798749003260957,-1.9906,2459128.063316095,0.156821724057589,0.09735456118251817
2459861.885935,-1.5798749003260957,-2.1634,2459128.8122181003,-8.246425759218035,0.10580167168592203
2459861.902498,-1.5798749003260957,-2.0397,2459129.5611201054,-5.207163054117687,0.47204107054359046
2459861.919124,-1.5798749003260957,-2.3274,2459130.31002211,5.1279371031429495,0.4270110477619502
2459861.937267,-1.5798749003260957,-2.7874,2459131.0589241153,8.315567081219413,0.2306955213529731
2459861.953807,-1.5798749003260957,-3.015,2459131.8078261204,-0.1348391916661856,0.24225657424502112
2459861.97048,-1.5798749003260957,-3.1484,2459132.5567281255,-8.335379414898181,0.34856454068713827
2459861.987281,-1.5798749003260957,-3.6589,2459133.30563013,-4.9709004922356534,0.07802572205695979
,-1.5798749003260957,,2459134.0545321354,5.363491975019085,
,-1.5798749003260957,,2459134.8034341405,8.2175762689095,
,-1.5798749003260957,,2459135.552336145,-0.4262573668892654,
,-1.5798749003260957,,2459136.3012381503,-8.41511134306814,
,-1.5798749003260957,,2459137.0501401555,-4.729030171902405,
,-1.5798749003260957,,2459137.79904216,5.593055782104771,
,-1.5798749003260957,,2459138.5479441653,8.110350318129106,
,-1.5798749003260957,,2459139.2968461704,-0.7171093051834453,
,-1.5798749003260957,,2459140.0457481756,-8.485534386686872,
,-1.5798749003260957,,2459140.7946501803,-4.481817150778476,
,-1.5798749003260957,,2459141.5435521854,5.816365591478475,
,-1.5798749003260957,,2459142.2924541906,7.994014478922414,
,-1.5798749003260957,,2459143.041356195,-1.0070725075026037,
,-1.5798749003260957,,2459143.7902582004,-8.546571370509968,
,-1.5798749003260957,,2459144.5391602055,-4.22953270014474,
,-1.5798749003260957,,2459145.28806221,6.033165459100273,
,-1.5798749003260957,,2459146.0369642153,7.868704411308419,
,-1.5798749003260957,,2459146.7858662205,-1.2958258962758828,
,-1.5798749003260957,,2459147.5347682256,-8.598155203860983,
,-1.5798749003260957,,2459148.2836702303,-3.972454058713163,
,-1.5798749003260957,,2459149.0325722354,6.243206777350776,
,-1.5798749003260957,,2459149.7814742406,7.734565982629196,
,-1.5798749003260957,,2459150.5303762453,-1.5830500794214155,
,-1.5798749003260957,,2459151.2792782504,-8.640228929836445,
,-1.5798749003260957,,2459152.0281802556,-3.710864101973368,
,-1.5798749003260957,,2459152.77708226,6.446248566302633,
,-1.5798749003260957,,2459153.5259842654,7.591755103714558,
,-1.5798749003260957,,2459154.2748862705,-1.8684277672069407,
,-1.5798749003260957,,2459155.0237882757,-8.672745805973754,
,-1.5798749003260957,,2459155.7726902803,-3.4450511002833952,
,-1.5798749003260957,,2459156.5215922855,6.642057781638197,
,-1.5798749003260957,,2459157.2704942906,7.44043750194484,
,-1.5798749003260957,,2459158.0193962953,-2.1516440563837413,
,-1.5798749003260957,,2459158.7682983004,-8.69566933751287,
,-1.5798749003260957,,2459159.5172003056,-3.1753083534872975,
,-1.5798749003260957,,2459160.2661023107,6.830409598149965,
,-1.5798749003260957,,2459161.0150043154,7.280788542451541,
,-1.5798749003260957,,2459161.7639063206,-2.4323867979035527,
,-1.5798749003260957,,2459162.5128083257,-8.708973332362731,
,-1.5798749003260957,,2459163.2617103304,-2.9019339422550403,
,-1.5798749003260957,,2459164.0106123355,7.011087680317657,
,-1.5798749003260957,,2459164.7595143407,7.1129929568422225,
,-1.5798749003260957,,2459165.5084163453,-2.710346886954569,
,-1.5798749003260957,,2459166.2573183505,-8.712641924205455,
,-1.5798749003260957,,2459167.0062203556,-2.6252303402180557,
,-1.5798749003260957,,2459167.755122361,7.183884472661103,
,-1.5798749003260957,,2459168.5040243655,6.937244651831827,
,-1.5798749003260957,,2459169.2529263706,-2.985218653504153,
,-1.5798749003260957,,2459170.0018283757,-8.706669599142348,
,-1.5798749003260957,,2459170.7507303804,-2.345504159886124,
,-1.5798749003260957,,2459171.4996323856,7.34860143605946,
,-1.5798749003260957,,2459172.2485343907,6.753746437236529,
,-1.5798749003260957,,2459172.9974363954,-3.256700110159159,
,-1.5798749003260957,,2459173.7463384005,-8.691061206434659,
,-1.5798749003260957,,2459174.4952404057,-2.0630657768770835,
,-1.5798749003260957,,2459175.244142411,7.5050493037371515,
,-1.5798749003260957,,2459175.9930444155,6.562709786564241,
,-1.5798749003260957,,2459176.7419464206,-3.524493318761807,
,-1.5798749003260957,,2459177.490848426,-8.665831959550832,
,-1.5798749003260957,,2459178.2397504305,-1.7782290058759416,
,-1.5798749003260957,,2459178.9886524356,7.653048323494657,
,-1.5798749003260957,,2459179.7375544407,6.364354540011075,
,-1.5798749003260957,,2459180.4864564454,-3.7883046550489197,
,-1.5798749003260957,,2459181.2353584506,-8.631007432444875,
,-1.5798749003260957,,2459181.9842604557,-1.491310758187606,
,-1.5798749003260957,,2459182.733162461,7.792428463437102,
,-1.5798749003260957,,2459183.4820644655,6.158908689421211,
,-1.5798749003260957,,2459184.2309664707,-4.047845174400631,
,-1.5798749003260957,,2459184.979868476,-8.586623537527348,
,-1.5798749003260957,,2459185.7287704805,-1.2026307075674507,
,-1.5798749003260957,,2459186.4776724856,7.923029644240543,
,-1.5798749003260957,,2459187.226574491,5.94660801522302,
,-1.5798749003260957,,2459187.9754764955,-4.302830834742884,
,-1.5798749003260957,,2459188.7243785006,-8.532726503671846,
,-1.5798749003260957,,2459189.4732805057,-0.9125108899652119,
,-1.5798749003260957,,2459190.222182511,8.044701921137307,
,-1.5798749003260957,,2459190.9710845156,5.72769588155221,
,-1.5798749003260957,,2459191.7199865207,-4.552982860737633,
,-1.5798749003260957,,2459192.468888526,-8.469372834480538,
,-1.5798749003260957,,2459193.2177905305,-0.6212754140485424,
,-1.5798749003260957,,2459193.9666925357,8.157305677114133,
,-1.5798749003260957,,2459194.715594541,5.502422846931817,
,-1.5798749003260957,,2459195.4644965455,-4.7980279508209085,
,-1.5798749003260957,,2459196.2133985506,-8.396629264502899,
,-1.5798749003260957,,2459196.962300556,-0.32925005219306946,
,-1.5798749003260957,,2459197.711202561,8.260711802755553,
,-1.5798749003260957,,2459198.4601045656,5.2710464443525975,
,-1.5798749003260957,,2459199.2090065707,-5.037698631896867,
,-1.5798749003260957,,2459199.957908576,-8.31457269928544,
,-1.5798749003260957,,2459200.7068105806,-0.03676188867837654,
,-1.5798749003260957,,2459201.4557125857,8.354801833494381,
,-1.5798749003260957,,2459202.204614591,5.033830799704144,
,-1.5798749003260957,,2459202.953516596,-5.271733477783413,
,-1.5798749003260957,,2459203.7024186007,-8.223290156352432,
,-1.5798749003260957,,2459204.451320606,0.25586106280146986,
,-1.5798749003260957,,2459205.200222611,8.439468126418307,
,-1.5798749003260957,,2459205.9491246156,4.791046354191797,
,-1.5798749003260957,,2459206.698026621,-5.499877385933783,
,-1.5798749003260957,,2459207.446928626,-8.122878666844,
,-1.5798749003260957,,2459208.1958306306,0.5482901758122763,
,-1.5798749003260957,,2459208.9447326357,8.514613962863494,
,-1.5798749003260957,,2459209.693634641,4.542969498711071,
,-1.5798749003260957,,2459210.442536646,-5.721881860914082,
,-1.5798749003260957,,2459211.1914386507,-8.013445226699035,
,-1.5798749003260957,,2459211.940340656,0.8401966816911582,
,-1.5798749003260957,,2459212.689242661,8.580153690039792,
,-1.5798749003260957,,2459213.4381446657,4.289882293692114,
,-1.5798749003260957,,2459214.187046671,-5.937505221151207,
,-1.5798749003260957,,2459214.935948676,-7.895106652632256,
,-1.5798749003260957,,2459215.6848506806,1.131251942844691,
,-1.5798749003260957,,2459216.433752686,8.636012802144936,
,-1.5798749003260957,,2459217.182654691,4.0320720861971155,
,-1.5798749003260957,,2459217.931556696,-6.146512877927705,
,-1.5798749003260957,,2459218.6804587008,-7.767989520539476,
,-1.5798749003260957,,2459219.429360706,1.4211279130894874,
,-1.5798749003260957,,2459220.178262711,8.682128050014281,
,-1.5798749003260957,,2459220.9271647157,3.769831191687482,
,-1.5798749003260957,,2459221.676066721,-6.348677534812494,
,-1.5798749003260957,,2459222.424968726,-7.6322300141802355,
,-1.5798749003260957,,2459223.1738707307,1.7094974620240895,
,-1.5798749003260957,,2459223.922772736,8.718447502114039,
,-1.5798749003260957,,2459224.671674741,3.5034565300829343,
,-1.5798749003260957,,2459225.420576746,-6.543779462644231,
,-1.5798749003260957,,2459226.169478751,-7.487973817890496,
,-1.5798749003260957,,2459226.918380756,1.9960347957126194,
,-1.5798749003260957,,2459227.667282761,8.744930609871169,
,-1.5798749003260957,,2459228.4161847658,3.2332493140816307,
,-1.5798749003260957,,2459229.165086771,-6.731606656953789,
,-1.5798749003260957,,2459229.913988776,-7.335375971003298,
,-1.5798749003260957,,2459230.6628907807,2.280415782784094,
,-1.5798749003260957,,2459231.411792786,8.761548251095086,
,-1.5798749003260957,,2459232.160694791,2.959514646767914,
,-1.5798749003260957,,2459232.909596796,-6.911955108651727,
,-1.5798749003260957,,2459233.658498801,-7.174600732143354,
,-1.5798749003260957,,2459234.407400806,2.5623184081714228,
,-1.5798749003260957,,2459235.156302811,8.768282761608676,
,-1.5798749003260957,,2459235.905204816,2.6825612107934953,
,-1.5798749003260957,,2459236.654106821,-7.08462895758019,
,-1.5798749003260957,,2459237.403008826,-7.005821404660008,
,-1.5798749003260957,,2459238.1519108308,2.8414230785116974,
,-1.5798749003260957,,2459238.900812836,8.765127949608438,
,-1.5798749003260957,,2459239.649714841,2.402700872551785,
,-1.5798749003260957,,2459240.398616846,-7.249440732838995,
,-1.5798749003260957,,2459241.147518851,-6.829220193411569,
,-1.5798749003260957,,2459241.896420856,3.11741306605174,
,-1.5798749003260957,,2459242.645322861,8.752089096404573,
,-1.5798749003260957,,2459243.394224866,2.120248375477168,
,-1.5798749003260957,,2459244.143126871,-7.4062114862808786,
,-1.5798749003260957,,2459244.892028876,-6.644988005427518,
,-1.5798749003260957,,2459245.640930881,3.3899748126390374,
,-1.5798749003260957,,2459246.389832886,8.729182944739339,
,-1.5798749003260957,,2459247.138734891,1.835520900412668,
,-1.5798749003260957,,2459247.887636896,-7.554771020555718,
,-1.5798749003260957,,2459248.636538901,-6.453324289665878,
,-1.5798749003260957,,2459249.385440906,3.6587983811193396,
,-1.5798749003260957,,2459250.134342911,8.696437664530706,
,-1.5798749003260957,,2459250.883244916,1.548837797154567,
,-1.5798749003260957,,2459251.632146921,-7.694958016764287,
,-1.5798749003260957,,2459252.381048926,-6.254436816401587,
,-1.5798749003260957,,2459253.1299509313,3.9235777616393097,
,-1.5798749003260957,,2459253.878852936,8.653892818059475,
,-1.5798749003260957,,2459254.627754941,1.2605201426112955,
,-1.5798749003260957,,2459255.3766569463,-7.826620229240975,
,-1.5798749003260957,,2459256.125558951,-6.048541505103124,
,-1.5798749003260957,,2459256.874460956,4.184011265225783,
,-1.5798749003260957,,2459257.623362961,8.601599291102927,
,-1.5798749003260957,,2459258.372264966,0.9708904325469091,
,-1.5798749003260957,,2459259.121166971,-7.949614603706692,
,-1.5798749003260957,,2459259.870068976,-5.8358621635198,
,-1.5798749003260957,,2459260.6189709813,4.43980191120009,
,-1.5798749003260957,,2459261.367872986,8.539619233040678,
,-1.5798749003260957,,2459262.116774991,0.6802721862737414,
,-1.5798749003260957,,2459262.8656769963,-8.06380744778936,
,-1.5798749003260957,,2459263.614579001,-5.616630328404086,
,-1.5798749003260957,,2459264.363481006,4.690657731437585,
,-1.5798749003260957,,2459265.1123830113,8.468025959157787,
,-1.5798749003260957,,2459265.861285016,0.3889896130393925,
,-1.5798749003260957,,2459266.610187021,-8.169074543479084,
,-1.5798749003260957,,2459267.359089026,-5.391084963967815,
,-1.5798749003260957,,2459268.1079910314,4.936292184574348,
,-1.5798749003260957,,2459268.856893036,8.386903857619933,
,-1.5798749003260957,,2459269.605795041,0.09736721822509571,
,-1.5798749003260957,,2459270.3546970463,-8.265301289491601,
,-1.5798749003260957,,2459271.103599051,-5.159472293420783,
,-1.5798749003260957,,2459271.852501056,5.176424440178733,
,-1.5798749003260957,,2459272.6014030613,8.296348268263577,
,-1.5798749003260957,,2459273.350305066,-0.19427050685539066,
,-1.5798749003260957,,2459274.099207071,-8.352382790629433,
,-1.5798749003260957,,2459274.8481090763,-4.9220454754881215,
,-1.5798749003260957,,2459275.5970110814,5.410779790695935,
,-1.5798749003260957,,2459276.345913086,8.196465364551411,
,-1.5798749003260957,,2459277.094815091,-0.48559948911507056,
,-1.5798749003260957,,2459277.8437170964,-8.43022399864062,
,-1.5798749003260957,,2459278.592619101,-4.679064416865764,
,-1.5798749003260957,,2459279.341521106,5.639089930561945,
,-1.5798749003260957,,2459280.0904231113,8.087371999275582,
,-1.5798749003260957,,2459280.839325116,-0.7762963934067395,
,-1.5798749003260957,,2459281.588227121,-8.498739773365397,
,-1.5798749003260957,,2459282.3371291263,-4.430795450764637,
,-1.5798749003260957,,2459283.0860311314,5.861093324239235,
,-1.5798749003260957,,2459283.834933136,7.969195563970066,
,-1.5798749003260957,,2459284.5838351413,-1.0660390012064362,
,-1.5798749003260957,,2459285.3327371464,-8.557854995252418,
,-1.5798749003260957,,2459286.081639151,-4.177511095897333,
,-1.5798749003260957,,2459286.830541156,6.076535490719385,
,-1.5798749003260957,,2459287.5794431614,7.842073802929239,
,-1.5798749003260957,,2459288.328345166,-1.3545065316345057,
,-1.5798749003260957,,2459289.077247171,-8.607504629084673,
,-1.5798749003260957,,2459289.8261491763,-3.9194897566677107,
,-1.5798749003260957,,2459290.5750511815,6.2851693637295325,
,-1.5798749003260957,,2459291.323953186,7.706154658675472,
,-1.5798749003260957,,2459292.0728551913,-1.6413800137146972,
,-1.5798749003260957,,2459292.8217571964,-8.647633800522813,
,-1.5798749003260957,,2459293.570659201,-3.657015444577019,
,-1.5798749003260957,,2459294.3195612063,6.486755550940517,
,-1.5798749003260957,,2459295.0684632114,7.561596049831354,
,-1.5798749003260957,,2459295.8173652166,-1.9263426073519485,
,-1.5798749003260957,,2459296.5662672212,-8.678197847786691,
,-1.5798749003260957,,2459297.3151692264,-3.390377461733804,
,-1.5798749003260957,,2459298.0640712315,6.681062664843842,
,-1.5798749003260957,,2459298.812973236,7.408565695202186,
,-1.5798749003260957,,2459299.5618752413,-2.209079934380298,
,-1.5798749003260957,,2459300.3107772465,-8.699162376400764,
,-1.5798749003260957,,2459301.059679251,-3.1198701265146638,
,-1.5798749003260957,,2459301.8085812563,6.867867576787929,
,-1.5798749003260957,,2459302.5574832615,7.2472408748550645,
,-1.5798749003260957,,2459303.3063852666,-2.489280445184836,
,-1.5798749003260957,,2459304.0552872713,-8.710503294184573,
,-1.5798749003260957,,2459304.8041892764,-2.8457924169974076,
,-1.5798749003260957,,2459305.5530912816,7.046955734484677,
,-1.5798749003260957,,2459306.3019932862,7.077808224868513,
,-1.5798749003260957,,2459307.0508952914,-2.766635720549634,
,-1.5798749003260957,,2459307.7997972965,-8.712206844958295,
,-1.5798749003260957,,2459308.548699301,-2.568447709041564,
,-1.5798749003260957,,2459309.2976013063,7.218121388590688,
,-1.5798749003260957,,2459310.0465033115,6.900463477029392,
,-1.5798749003260957,,2459310.7954053166,-3.0408408022519673,
,-1.5798749003260957,,2459311.5443073213,-8.704269626144702,
,-1.5798749003260957,,2459312.2932093265,-2.2881433860468645,
,-1.5798749003260957,,2459313.0421113316,7.381167878382929,
,-1.5798749003260957,,2459313.7910133363,6.715411234771163,
,-1.5798749003260957,,2459314.5399153414,-3.3115944992303152,
,-1.5798749003260957,,2459315.2888173466,-8.686698599267453,
,-1.5798749003260957,,2459316.0377193512,-2.0051905586289234,
,-1.5798749003260957,,2459316.7866213564,7.535907852257184,
,-1.5798749003260957,,2459317.5355233615,6.5228646902989595,
,-1.5798749003260957,,2459318.2844253667,-3.5785997455615193,
,-1.5798749003260957,,2459319.0333273713,-8.659511091517826,
,-1.5798749003260957,,2459319.7822293765,-1.719903700641913,
,-1.5798749003260957,,2459320.5311313816,7.682163523777514,
,-1.5798749003260957,,2459321.2800333863,6.323045383252699,
,-1.5798749003260957,,2459322.0289353915,-3.841563832447663,
,-1.5798749003260957,,2459322.7778373966,-8.62273478485785,
,-1.5798749003260957,,2459323.5267394013,-1.432600318859943,
,-1.5798749003260957,,2459324.2756414064,7.819766871033862,
,-1.5798749003260957,,2459325.0245434116,6.116182897070482,
,-1.5798749003260957,,2459325.7734454167,-4.100198798110135,
,-1.5798749003260957,,2459326.5223474214,-8.576407699297771,
,-1.5798749003260957,,2459327.2712494265,-1.1436005839207344,
,-1.5798749003260957,,2459328.0201514317,7.948559866127894,
,-1.5798749003260957,,2459328.7690534364,5.9025145968848225,
,-1.5798749003260957,,2459329.5179554415,-4.354221643276422,
,-1.5798749003260957,,2459330.2668574466,-8.52057815741213,
,-1.5798749003260957,,2459331.0157594513,-0.853227003622901,
,-1.5798749003260957,,2459331.7646614565,8.068394654775483,
,-1.5798749003260957,,2459332.5135634616,5.682285322003332,
,-1.5798749003260957,,2459333.2624654667,-4.6033546880197385,
,-1.5798749003260957,,2459334.0113674714,-8.455304757236197,
,-1.5798749003260957,,2459334.7602694766,-0.5618040375760256,
,-1.5798749003260957,,2459335.5091714817,8.179133749255156,
,-1.5798749003260957,,2459336.2580734864,5.455747100233749,
,-1.5798749003260957,,2459337.0069754915,-4.847325795402489,
,-1.5798749003260957,,2459337.7558774967,-8.380656305613584,
,-1.5798749003260957,,2459338.504779502,-0.26965775526872576,
,-1.5798749003260957,,2459339.2536815065,8.280650192933434,
,-1.5798749003260957,,2459340.0025835116,5.2231588132187605,
,-1.5798749003260957,,2459340.751485517,-5.085868712155527,
,-1.5798749003260957,,2459341.5003875215,-8.296711780653428,
,-1.5798749003260957,,2459342.2492895266,0.022884523002987957,
,-1.5798749003260957,,2459342.9981915317,8.372827724201397,
,-1.5798749003260957,,2459343.7470935364,4.984785918805853,
,-1.5798749003260957,,2459344.4959955416,-5.318723264251871,
,-1.5798749003260957,,2459345.2448975467,-8.203560242804006,
,-1.5798749003260957,,2459345.993799552,0.31549463678077677,
,-1.5798749003260957,,2459346.7427015565,8.455560908049938,
,-1.5798749003260957,,2459347.4916035617,4.740900074145549,
,-1.5798749003260957,,2459348.240505567,-5.545635698065682,
,-1.5798749003260957,,2459348.9894075715,-8.101300768074738,
,-1.5798749003260957,,2459349.7383095766,0.6078439027468344,
,-1.5798749003260957,,2459350.487211582,8.528755278078934,
,-1.5798749003260957,,2459351.2361135865,4.49177887543522,
,-1.5798749003260957,,2459351.9850155916,-5.7663588593132085,
,-1.5798749003260957,,2459352.7339175967,-7.990042353097736,
,-1.5798749003260957,,2459353.482819602,0.899603544416864,
,-1.5798749003260957,,2459354.2317216066,8.592327439715602,
,-1.5798749003260957,,2459354.9806236117,4.237705474417471,
,-1.5798749003260957,,2459355.729525617,-5.980652515796965,
,-1.5798749003260957,,2459356.4784276215,-7.869903823984054,
,-1.5798749003260957,,2459357.2273296267,1.1904450207682256,
,-1.5798749003260957,,2459357.976231632,8.6462051834028,
,-1.5798749003260957,,2459358.7251336365,3.978968269468587,
,-1.5798749003260957,,2459359.4740356416,-6.18828353021352,
,-1.5798749003260957,,2459360.222937647,-7.741013713892218,
,-1.5798749003260957,,2459360.971839652,1.480040438792809,
,-1.5798749003260957,,2459361.7207416566,8.690327553921103,
,-1.5798749003260957,,2459362.4696436618,3.715860526938998,
,-1.5798749003260957,,2459363.218545667,-6.389026144169844,
,-1.5798749003260957,,2459363.9674476716,-7.603510164536513,
,-1.5798749003260957,,2459364.7163496767,1.7680629055343018,
,-1.5798749003260957,,2459365.465251682,8.724644938947353,
,-1.5798749003260957,,2459366.2141536865,3.4486800898282253,
,-1.5798749003260957,,2459366.9630556917,-6.582662168733216,
,-1.5798749003260957,,2459367.711957697,-7.457540766228405,
,-1.5798749003260957,,2459368.460859702,2.0541869419502397,
,-1.5798749003260957,,2459369.2097617066,8.749119113944138,
,-1.5798749003260957,,2459369.958663712,3.177728972589533,
,-1.5798749003260957,,2459370.707565717,-6.768981234134902,
,-1.5798749003260957,,2459371.4564677216,-7.303262461844486,
,-1.5798749003260957,,2459372.2053697268,2.338088809069126,
,-1.5798749003260957,,2459372.954271732,8.763723292789479,
,-1.5798749003260957,,2459373.7031737366,2.903313058389557,
,-1.5798749003260957,,2459374.4520757417,-6.947780958272792,
,-1.5798749003260957,,2459375.200977747,-7.140841358290427,
,-1.5798749003260957,,2459375.949879752,2.619446961494426,
,-1.5798749003260957,,2459376.6987817567,8.768442147057632,
,-1.5798749003260957,,2459377.447683762,2.625741686106188,
,-1.5798749003260957,,2459378.196585767,-7.1188671873584255,
,-1.5798749003260957,,2459378.9454877716,-6.970452592272573,
,-1.5798749003260957,,2459379.694389777,2.8979423527111057,
,-1.5798749003260957,,2459380.443291782,8.763271824507216,
,-1.5798749003260957,,2459381.192193787,2.345327357120292,
,-1.5798749003260957,,2459381.9410957918,-7.282054158571045,
,-1.5798749003260957,,2459382.689997797,-6.792280151484523,
,-1.5798749003260957,,2459383.438899802,3.173258878537806,
,-1.5798749003260957,,2459384.1878018067,8.748219945009534,
,-1.5798749003260957,,2459384.936703812,2.062385324117493,
,-1.5798749003260957,,2459385.685605817,-7.437164711753949,
,-1.5798749003260957,,2459386.4345078217,-6.606516705099229,
,-1.5798749003260957,,2459387.183409827,3.445083680842324,
,-1.5798749003260957,,2459387.932311832,8.723305581598858,
,-1.5798749003260957,,2459388.681213837,1.7772332497166543,
,-1.5798749003260957,,2459389.430115842,-7.584030427524138,
,-1.5798749003260957,,2459390.179017847,-6.4133634083202695,
,-1.5798749003260957,,2459390.927919852,3.7131075982128547,
,-1.5798749003260957,,2459391.6768218568,8.688559232980863,
,-1.5798749003260957,,2459392.425723862,1.4901908653618148,
,-1.5798749003260957,,2459393.174625867,-7.722491837857592,
,-1.5798749003260957,,2459393.9235278717,-6.2130297193300486,
,-1.5798749003260957,,2459394.672429877,3.9770254656366726,
,-1.5798749003260957,,2459395.421331882,8.644022771324368,
,-1.5798749003260957,,2459396.170233887,1.2015795623973458,
,-1.5798749003260957,,2459396.919135892,-7.852398548721597,
,-1.5798749003260957,,2459397.668037897,-6.005733170203372,
,-1.5798749003260957,,2459398.416939902,4.236536538030695,
,-1.5798749003260957,,2459399.165841907,8.589749388175498,
,-1.5798749003260957,,2459399.914743912,0.9117220773120694,
,-1.5798749003260957,,2459400.663645917,-7.9736094098519725,
,-1.5798749003260957,,2459401.4125479218,-5.791699174780652,
,-1.5798749003260957,,2459402.161449927,4.491344815168264,
,-1.5798749003260957,,2459402.910351932,8.525803514099584,
,-1.5798749003260957,,2459403.659253937,0.6209420896629712,
,-1.5798749003260957,,2459404.408155942,-8.085992645449585,
,-1.5798749003260957,,2459405.157057947,-5.571160790067511,
,-1.5798749003260957,,2459405.905959952,4.741159412517766,
,-1.5798749003260957,,2459406.654861957,8.452260730650233,
,-1.5798749003260957,,2459407.403763962,0.32956391606234436,
,-1.5798749003260957,,2459408.152665967,-8.189425993541132,
,-1.5798749003260957,,2459408.901567972,-5.344358492832982,
,-1.5798749003260957,,2459409.650469977,4.985694914332326,
,-1.5798749003260957,,2459410.399371982,8.369207666909563,
,-1.5798749003260957,,2459411.148273987,0.037912075603324144,
,-1.5798749003260957,,2459411.897175992,-8.283796811333012,
,-1.5798749003260957,,2459412.646077997,-5.111539926912332,
,-1.5798749003260957,,2459413.394980002,5.224671726715014,
,-1.5798749003260957,,2459414.143882007,8.276741886771994,
,-1.5798749003260957,,2459414.892784012,-0.2536889926217858,
,-1.5798749003260957,,2459415.641686017,-8.369002216415744,
,-1.5798749003260957,,2459416.390588022,-4.872959668436194,
,-1.5798749003260957,,2459417.139490027,5.457816407534365,
,-1.5798749003260957,,2459417.888392032,8.174971745242035,
,-1.5798749003260957,,2459418.6372940373,-0.5449153401031271,
,-1.5798749003260957,,2459419.386196042,-8.444949161270536,
,-1.5798749003260957,,2459420.135098047,-4.62887893267588,
,-1.5798749003260957,,2459420.884000052,5.684862017700176,
,-1.5798749003260957,,2459421.632902057,8.064016261588092,
,-1.5798749003260957,,2459422.381804062,-0.8354438281029055,
,-1.5798749003260957,,2459423.130706067,-8.51155454892618,
,-1.5798749003260957,,2459423.8796080723,-4.379565344917835,
,-1.5798749003260957,,2459424.628510077,5.905548416695065,
,-1.5798749003260957,,2459425.377412082,7.944004945852161,
,-1.5798749003260957,,2459426.1263140873,-1.1249525125442355,
,-1.5798749003260957,,2459426.875216092,-8.568745303892673,
,-1.5798749003260957,,2459427.624118097,-4.125292653996217,
,-1.5798749003260957,,2459428.3730201023,6.119622625328397,
,-1.5798749003260957,,2459429.121922107,7.815077644393252,
,-1.5798749003260957,,2459429.870824112,-1.413120937212097,
,-1.5798749003260957,,2459430.6197261172,-8.616458461457292,
,-1.5798749003260957,,2459431.3686281224,-3.8663404239765855,
,-1.5798749003260957,,2459432.117530127,6.32683910104285,
,-1.5798749003260957,,2459432.866432132,7.677384340404182,
,-1.5798749003260957,,2459433.6153341373,-1.699630546109149,
,-1.5798749003260957,,2459434.364236142,-8.654641219740759,
,-1.5798749003260957,,2459435.113138147,-3.6029937717083427,
,-1.5798749003260957,,2459435.8620401523,6.526960076064201,
,-1.5798749003260957,,2459436.610942157,7.531084977362282,
,-1.5798749003260957,,2459437.359844162,-1.9841649697573247,
,-1.5798749003260957,,2459438.1087461673,-8.6832510109982,
,-1.5798749003260957,,2459438.8576481724,-3.335543036605987,
,-1.5798749003260957,,2459439.606550177,6.719755808287648,
,-1.5798749003260957,,2459440.3554521822,7.376349229365458,
,-1.5798749003260957,,2459441.1043541874,-2.2664103955577097,
,-1.5798749003260957,,2459441.853256192,-8.702255534061372,
,-1.5798749003260957,,2459442.602158197,-3.064283530193634,
,-1.5798749003260957,,2459443.3510602023,6.905004913046997,
,-1.5798749003260957,,2459444.099962207,7.21335631067212,
,-1.5798749003260957,,2459444.848864212,-2.5460558668382958,
,-1.5798749003260957,,2459445.5977662173,-8.711632803700041,
,-1.5798749003260957,,2459446.3466682225,-2.7895151402668077,
,-1.5798749003260957,,2459447.095570227,7.082494588543619,
,-1.5798749003260957,,2459447.8444722323,7.042294725837917,
,-1.5798749003260957,,2459448.5933742374,-2.82279365039516,
,-1.5798749003260957,,2459449.342276242,-8.711371171922027,
,-1.5798749003260957,,2459450.0911782472,-2.5115420928255228,
,-1.5798749003260957,,2459450.8400802524,7.252020936337117,
,-1.5798749003260957,,2459451.588982257,6.863362045288869,
,-1.5798749003260957,,2459452.337884262,-3.0963195263779837,
,-1.5798749003260957,,2459453.0867862673,-8.701469348217838,
,-1.5798749003260957,,2459453.8356882725,-2.2306725541401935,
,-1.5798749003260957,,2459454.584590277,7.4133891639168645,
,-1.5798749003260957,,2459455.3334922823,6.676764625806515,
,-1.5798749003260957,,2459456.0823942875,-3.3663331383185535,
,-1.5798749003260957,,2459456.831296292,-8.681936407884256,
,-1.5798749003260957,,2459457.5801982973,-1.9472183560107552,
,-1.5798749003260957,,2459458.3291003024,7.566413856279675,
,-1.5798749003260957,,2459459.078002307,6.482717402031905,
,-1.5798749003260957,,2459459.8269043122,-3.6325382482720117,
,-1.5798749003260957,,2459460.5758063174,-8.652791788940274,
,-1.5798749003260957,,2459461.3247083225,-1.661494603849537,
,-1.5798749003260957,,2459462.073610327,7.710919194763386,
,-1.5798749003260957,,2459462.8225123324,6.281443560627966,
,-1.5798749003260957,,2459463.5714143375,-3.894643125803174,
,-1.5798749003260957,,2459464.320316342,-8.614065283364196,
,-1.5798749003260957,,2459465.0692183473,-1.3738193852747702,
,-1.5798749003260957,,2459465.8181203525,7.846739186002728,
,-1.5798749003260957,,2459466.5670223576,6.073174306680315,
,-1.5798749003260957,,2459467.3159243623,-4.152360773339361,
,-1.5798749003260957,,2459468.0648263674,-8.565797012942335,
,-1.5798749003260957,,2459468.8137283726,-1.0845133734060846,
,-1.5798749003260957,,2459469.5626303772,7.973717851800942,
,-1.5798749003260957,,2459470.3115323824,5.858148549306125,
,-1.5798749003260957,,2459471.0604343875,-4.4054092647771785,
,-1.5798749003260957,,2459471.809336392,-8.508037400234858,
,-1.5798749003260957,,2459472.5582383974,-0.7938995058800014,
,-1.5798749003260957,,2459473.3071404025,8.091709441936242,
,-1.5798749003260957,,2459474.0560424076,5.6366126156443155,
,-1.5798749003260957,,2459474.8049444123,-4.653512021313044,
,-1.5798749003260957,,2459475.5538464175,-8.440847123491146,
,-1.5798749003260957,,2459476.3027484226,-0.5023025985945506,
,-1.5798749003260957,,2459477.0516504273,8.20057859696424,
,-1.5798749003260957,,2459477.8005524324,5.408819959101968,
,-1.5798749003260957,,2459478.5494544376,-4.896398093373688,
,-1.5798749003260957,,2459479.2983564422,-8.364297076732711,
,-1.5798749003260957,,2459480.0472584474,-0.21004901675967758,
,-1.5798749003260957,,2459480.7961604525,8.300200532270184,
,-1.5798749003260957,,2459481.5450624577,5.1750308231132465,
,-1.5798749003260957,,2459482.2939644624,-5.133802424799269,
,-1.5798749003260957,,2459483.0428664675,-8.278468288668316,
,-1.5798749003260957,,2459483.7917684726,0.0825337467536228,
,-1.5798749003260957,,2459484.5406704773,8.390461178642235,
,-1.5798749003260957,,2459485.2895724825,4.935511950988469,
,-1.5798749003260957,,2459486.0384744876,-5.365466149417378,
,-1.5798749003260957,,2459486.7873764923,-8.183451876856985,
,-1.5798749003260957,,2459487.5362784974,0.37511736586233674,
,-1.5798749003260957,,2459488.2851805026,8.471257329961555,
,-1.5798749003260957,,2459489.0340825077,4.690536252801532,
,-1.5798749003260957,,2459489.7829845124,-5.591136824082444,
,-1.5798749003260957,,2459490.5318865175,-8.079348941062719,
,-1.5798749003260957,,2459491.2807885227,0.6673731296651779,
,-1.5798749003260957,,2459492.0296905274,8.542496766676997,
,-1.5798749003260957,,2459492.7785925325,4.440382476748257,
,-1.5798749003260957,,2459493.5274945376,-5.810568704428202,
,-1.5798749003260957,,2459494.2763965423,-7.966270496311104,
,-1.5798749003260957,,2459495.0252985475,0.9589722557793249,
,-1.5798749003260957,,2459495.7742005526,8.604098366435299,
,-1.5798749003260957,,2459496.5231025578,4.185334863089225,
,-1.5798749003260957,,2459497.2720045624,-6.023522960390943,
,-1.5798749003260957,,2459498.0209065676,-7.844337347530327,
,-1.5798749003260957,,2459498.7698085727,1.2495863291416949,
,-1.5798749003260957,,2459499.5187105774,8.655992205062043,
,-1.5798749003260957,,2459500.2676125825,3.9256828412236247,
,-1.5798749003260957,,2459501.0165145877,-6.22976796126961,
,-1.5798749003260957,,2459501.7654165924,-7.713680005255627,
,-1.5798749003260957,,2459502.5143185975,1.5388876052428957,
,-1.5798749003260957,,2459503.2632206026,8.698119637692189,
,-1.5798749003260957,,2459504.012122608,3.661720632335589,
,-1.5798749003260957,,2459504.7610246125,-6.429079457034133,
,-1.5798749003260957,,2459505.5099266176,-7.574438536212171,
,-1.5798749003260957,,2459506.2588286228,1.8265494648085407,
,-1.5798749003260957,,2459507.0077306274,8.730433366025954,
,-1.5798749003260957,,2459507.7566326326,3.3937469633311483,
,-1.5798749003260957,,2459508.5055346377,-6.6212408502309295,
,-1.5798749003260957,,2459509.2544366424,-7.426762466892947,
,-1.5798749003260957,,2459510.0033386475,2.112246739286227,
,-1.5798749003260957,,2459510.7522406527,8.752897497386536,
,-1.5798749003260957,,2459511.501142658,3.1220646672049597,
,-1.5798749003260957,,2459512.2500446625,-6.806043364652095,
,-1.5798749003260957,,2459512.9989466676,-7.270810600001036,
,-1.5798749003260957,,2459513.747848673,2.395656131383417,
,-1.5798749003260957,,2459514.4967506775,8.765487575868658,
,-1.5798749003260957,,2459515.2456526826,2.846980354264258,
,-1.5798749003260957,,2459515.9945546878,-6.98328630190261,
,-1.5798749003260957,,2459516.743456693,-7.106750908701342,
,-1.5798749003260957,,2459517.4923586976,2.6764565477462585,
,-1.5798749003260957,,2459518.2412607027,8.768190614037588,
,-1.5798749003260957,,2459518.990162708,2.568804036817436,
,-1.5798749003260957,,2459519.7390647125,-7.152777180638572,
,-1.5798749003260957,,2459520.4879667177,-6.934760349099936,
,-1.5798749003260957,,2459521.236868723,2.954329537270761,
,-1.5798749003260957,,2459521.9857707275,8.761005098010894,
,-1.5798749003260957,,2459522.7346727327,2.287848810277141,
,-1.5798749003260957,,2459523.483574738,-7.3143319976651275,
,-1.5798749003260957,,2459524.232476743,-6.755024684199516,
,-1.5798749003260957,,2459524.9813787476,3.228959589353217,
,-1.5798749003260957,,2459525.7302807528,8.743940983453571,
,-1.5798749003260957,,2459526.479182758,2.0044304411983513,
,-1.5798749003260957,,2459527.2280847626,-7.467775338595892,
,-1.5798749003260957,,2459527.9769867677,-6.567738337689823,
,-1.5798749003260957,,2459528.725888773,3.5000346066725614,
,-1.5798749003260957,,2459529.4747907775,8.717019677229224,
,-1.5798749003260957,,2459530.2236927827,1.7188670591977717,
,-1.5798749003260957,,2459530.972594788,-7.61294061988917,
,-1.5798749003260957,,2459531.721496793,-6.373104167373148,
,-1.5798749003260957,,2459532.4703987977,3.76724619320918,
,-1.5798749003260957,,2459533.219300803,8.680273997691174,
,-1.5798749003260957,,2459533.968202808,1.431478742096139,
,-1.5798749003260957,,2459534.7171048126,-7.749670189055747,
,-1.5798749003260957,,2459535.4660068178,-6.1713332970094505,
,-1.5798749003260957,,2459536.214908823,4.030290062744675,
,-1.5798749003260957,,2459536.9638108276,8.633748134162518,
,-1.5798749003260957,,2459537.7127128327,1.142587207646792,
,-1.5798749003260957,,2459538.461614838,-7.877815536518158,
,-1.5798749003260957,,2459539.210516843,-5.962644876042793,
,-1.5798749003260957,,2459539.9594188477,4.288866398258938,
,-1.5798749003260957,,2459540.708320853,8.577497571055844,
,-1.5798749003260957,,2459541.457222858,0.8525153840675113,
,-1.5798749003260957,,2459542.2061248627,-7.997237408959398,
,-1.5798749003260957,,2459542.955026868,-5.747265905549189,
,-1.5798749003260957,,2459543.703928873,4.542680219617394,
,-1.5798749003260957,,2459544.4528308776,8.511589021706593,
,-1.5798749003260957,,2459545.2017328828,0.5615871507645099,
,-1.5798749003260957,,2459545.950634888,-8.107805958385052,
,-1.5798749003260957,,2459546.699536893,-5.52543096824548,
,-1.5798749003260957,,2459547.4484388977,4.791441728544675,
,-1.5798749003260957,,2459548.197340903,8.436100326636103,
,-1.5798749003260957,,2459548.946242908,0.2701268484272363,
,-1.5798749003260957,,2459549.6951449127,-8.209400871637278,
,-1.5798749003260957,,2459550.444046918,-5.297382028223632,
,-1.5798749003260957,,2459551.192948923,5.034866672509888,
,-1.5798749003260957,,2459551.9418509277,8.351120358644453,
,-1.5798749003260957,,2459552.690752933,-0.021540950250072605,
,-1.5798749003260957,,2459553.439654938,-8.30191149493597,
,-1.5798749003260957,,2459554.188556943,-5.063368155547506,
,-1.5798749003260957,,2459554.9374589478,5.272676679330991,
,-1.5798749003260957,,2459555.686360953,8.256748883877485,
,-1.5798749003260957,,2459556.435262958,-0.3130919074441079,
,-1.5798749003260957,,2459557.1841649627,-8.385236931842952,
,-1.5798749003260957,,2459557.933066968,-4.823645299840854,
,-1.5798749003260957,,2459558.681968973,5.50459960332115,
,-1.5798749003260957,,2459559.430870978,8.15309645216048,
,-1.5798749003260957,,2459560.179772983,-0.604202193337605,
,-1.5798749003260957,,2459560.928674988,-8.459286164260611,
,-1.5798749003260957,,2459561.677576993,-4.578476006944332,
,-1.5798749003260957,,2459562.426478998,5.730369858705135,
,-1.5798749003260957,,2459563.175381003,8.040284229010405,
,-1.5798749003260957,,2459563.924283008,-0.8945488938441725,
,-1.5798749003260957,,2459564.673185013,-8.523978125517946,
,-1.5798749003260957,,2459565.422087018,-4.328129183602715,
,-1.5798749003260957,,2459566.170989023,5.949728761053462,
,-1.5798749003260957,,2459566.919891028,7.918443849220199,
,-1.5798749003260957,,2459567.668793033,-1.1838103265496809,
,-1.5798749003260957,,2459568.417695038,-8.579241799851461,
,-1.5798749003260957,,2459569.166597043,-4.0728797674043165,
,-1.5798749003260957,,2459569.915499048,6.162424799103522,
,-1.5798749003260957,,2459570.664401053,7.787717236789342,
,-1.5798749003260957,,2459571.413303058,-1.4716664150194407,
,-1.5798749003260957,,2459572.162205063,-8.625016284093798,
,-1.5798749003260957,,2459572.911107068,-3.813008493549334,
,-1.5798749003260957,,2459573.660009073,6.368214006854094,
,-1.5798749003260957,,2459574.4089110782,7.648256422194703,
,-1.5798749003260957,,2459575.157813083,-1.7577989985125868,
,-1.5798749003260957,,2459575.906715088,-8.661250863872812,
,-1.5798749003260957,,2459576.655617093,-3.5488015595811384,
,-1.5798749003260957,,2459577.404519098,6.5668602143674395,
,-1.5798749003260957,,2459578.153421103,7.5002233488334396,
,-1.5798749003260957,,2459578.902323108,-2.0418922257198626,
,-1.5798749003260957,,2459579.651225113,-8.687905054455102,
,-1.5798749003260957,,2459580.400127118,-3.2805503545618673,
,-1.5798749003260957,,2459581.149029123,6.7581353787970055,
,-1.5798749003260957,,2459581.8979311283,7.343789657584626,
,-1.5798749003260957,,2459582.646833133,-2.3236328167013323,
,-1.5798749003260957,,2459583.395735138,-8.70494865981973,
,-1.5798749003260957,,2459584.1446371432,-3.0085511323703247,
,-1.5798749003260957,,2459584.893539148,6.941819817127606,
,-1.5798749003260957,,2459585.642441153,7.179136477472804,
,-1.5798749003260957,,2459586.391343158,-2.6027104678388655,
,-1.5798749003260957,,2459587.140245163,-8.712361796897689,
,-1.5798749003260957,,2459587.889147168,-2.733104708975562,
,-1.5798749003260957,,2459588.638049173,7.117702549895369,
,-1.5798749003260957,,2459589.3869511783,7.006454167247643,
,-1.5798749003260957,,2459590.135853183,-2.878818118913779,
,-1.5798749003260957,,2459590.884755188,-8.710134928909968,
,-1.5798749003260957,,2459591.6336571933,-2.454516121042796,
,-1.5798749003260957,,2459592.382559198,7.285581493433916,
,-1.5798749003260957,,2459593.131461203,6.825942120917939,
,-1.5798749003260957,,2459593.8803632082,-3.1516523210113943,
,-1.5798749003260957,,2459594.629265213,-8.698268877807529,
,-1.5798749003260957,,2459595.378167218,-2.1730943300421846,
,-1.5798749003260957,,2459596.127069223,7.445263761627778,
,-1.5798749003260957,,2459596.8759712283,6.637808463442825,
,-1.5798749003260957,,2459597.624873233,-3.4209135143059908,
,-1.5798749003260957,,2459598.373775238,-8.676774831352816,
,-1.5798749003260957,,2459599.1226772433,-1.8891518417411155,
,-1.5798749003260957,,2459599.871579248,7.5965658629886486,
,-1.5798749003260957,,2459600.620481253,6.442269830396295,
,-1.5798749003260957,,2459601.3693832583,-3.686306383945139,
,-1.5798749003260957,,2459602.1182852634,-8.645674338983955,
,-1.5798749003260957,,2459602.867187268,-1.6030044187770331,
,-1.5798749003260957,,2459603.6160892732,7.73931397719496,
,-1.5798749003260957,,2459604.3649912784,6.239551066322749,
,-1.5798749003260957,,2459605.113893283,-3.9475401149931177,
,-1.5798749003260957,,2459605.862795288,-8.60499930160276,
,-1.5798749003260957,,2459606.6116972934,-1.3149706815673647,
,-1.5798749003260957,,2459607.360599298,7.873344124583655,
,-1.5798749003260957,,2459608.109501303,6.029884972201884,
,-1.5798749003260957,,2459608.8584033083,-4.204328735930506,
,-1.5798749003260957,,2459609.6073053135,-8.554791941292248,
,-1.5798749003260957,,2459610.356207318,-1.025371818042928,
,-1.5798749003260957,,2459611.1051093233,7.998502404471851,
,-1.5798749003260957,,2459611.8540113284,5.813511993486522,
,-1.5798749003260957,,2459612.602913333,-4.45639138122731,
,-1.5798749003260957,,2459613.3518153382,-8.495104777649546,
,-1.5798749003260957,,2459614.1007173434,-0.7345311603913047,
,-1.5798749003260957,,2459614.849619348,8.1146451662894,
,-1.5798749003260957,,2459615.598521353,5.5906799325707155,
,-1.5798749003260957,,2459616.3474233584,-4.703452596843711,
,-1.5798749003260957,,2459617.0963253635,-8.426000572838364,
,-1.5798749003260957,,2459617.845227368,-0.44277387936681367,
,-1.5798749003260957,,2459618.5941293733,8.221639201734712,
,-1.5798749003260957,,2459619.3430313785,5.361643650131405,
,-1.5798749003260957,,2459620.091933383,-4.945242603381949,
,-1.5798749003260957,,2459620.8408353883,-8.347552294455795,
,-1.5798749003260957,,2459621.5897373934,-0.15042658631987266,
,-1.5798749003260957,,2459622.338639398,8.319361886510405,
,-1.5798749003260957,,2459623.0875414032,5.126664749009204,
,-1.5798749003260957,,2459623.8364434084,-5.1814976041496115,
,-1.5798749003260957,,2459624.5853454135,-8.25984303297794,
,-1.5798749003260957,,2459625.334247418,0.14218299997663167,
,-1.5798749003260957,,2459626.0831494234,8.407701361608503,
,-1.5798749003260957,,2459626.8320514285,4.886011244866562,
,-1.5798749003260957,,2459627.580953433,-5.4119600066135805,
,-1.5798749003260957,,2459628.3298554383,-8.162965946053765,
,-1.5798749003260957,,2459629.0787574435,0.43472647890778976,
,-1.5798749003260957,,2459629.827659448,8.486556648302473,
,-1.5798749003260957,,2459630.5765614533,4.639957275942873,
,-1.5798749003260957,,2459631.3254634584,-5.636378721365489,
,-1.5798749003260957,,2459632.0743654636,-8.057024161620829,
,-1.5798749003260957,,2459632.8232674683,0.726875065719597,
,-1.5798749003260957,,2459633.5721694734,8.555837780820017,
,-1.5798749003260957,,2459634.3210714785,4.388782728074567,
,-1.5798749003260957,,2459635.069973483,-5.85450938216123,
,-1.5798749003260957,,2459635.8188754884,-7.942130704188534,
,-1.5798749003260957,,2459636.5677774935,1.0183000427199485,
,-1.5798749003260957,,2459637.316679498,8.615465911704518,
,-1.5798749003260957,,2459638.0655815033,4.13277293379989,
,-1.5798749003260957,,2459638.8144835085,-6.066114622622702,
,-1.5798749003260957,,2459639.5633855136,-7.818408357960003,
,-1.5798749003260957,,2459640.3122875183,1.308673074927248,
,-1.5798749003260957,,2459641.0611895234,8.665373409760658,
,-1.5798749003260957,,2459641.8100915286,3.872218315272499,
,-1.5798749003260957,,2459642.5589935333,-6.270964282975121,
,-1.5798749003260957,,2459643.3078955384,-7.685989600356819,
,-1.5798749003260957,,2459644.0567975435,1.5976666503718127,
,-1.5798749003260957,,2459644.8056995487,8.705503939091365,
,-1.5798749003260957,,2459645.5546015534,3.6074140648479793,
,-1.5798749003260957,,2459646.3035035585,-6.46883566959928,
,-1.5798749003260957,,2459647.0524055636,-7.545016433737667,
,-1.5798749003260957,,2459647.8013075683,1.8849543847889956,
,-1.5798749003260957,,2459648.5502095735,8.735812520514289,
,-1.5798749003260957,,2459649.2991115786,3.3386597414303987,
,-1.5798749003260957,,2459650.0480135833,-6.659513748013401,
,-1.5798749003260957,,2459650.7969155884,-7.395640281786388,
,-1.5798749003260957,,2459651.5458175936,2.1702114831297226,
,-1.5798749003260957,,2459652.2947195987,8.756265590327457,
,-1.5798749003260957,,2459653.0436216034,3.066259000447861,
,-1.5798749003260957,,2459653.7925236085,-6.842791384592501,
,-1.5798749003260957,,2459654.5414256137,-7.238021838536074,
,-1.5798749003260957,,2459655.2903276184,2.4531150451886057,
,-1.5798749003260957,,2459656.0392296235,8.76684102941476,
,-1.5798749003260957,,2459656.7881316287,2.790519164510117,
,-1.5798749003260957,,2459657.5370336333,-7.0184695253902225,
,-1.5798749003260957,,2459658.2859356385,-7.072330916002215,
,-1.5798749003260957,,2459659.0348376436,2.7333445053971395,
,-1.5798749003260957,,2459659.7837396488,8.767528188380675,
,-1.5798749003260957,,2459660.5326416534,2.5117509177028197,
,-1.5798749003260957,,2459661.2815436586,-7.186357419397377,
,-1.5798749003260957,,2459662.0304456637,-6.898746277884035,
,-1.5798749003260957,,2459662.7793476684,3.010581957970378,
,-1.5798749003260957,,2459663.5282496735,8.758327892384976,
,-1.5798749003260957,,2459664.2771516787,2.2302679149700277,
,-1.5798749003260957,,2459665.0260536834,-7.34627278284134,
,-1.5798749003260957,,2459665.7749556885,-6.717455471200596,
,-1.5798749003260957,,2459666.5238576937,3.284512592652037,
,-1.5798749003260957,,2459667.272759699,8.739252433009211,
,-1.5798749003260957,,2459668.0216617035,1.946386441635452,
,-1.5798749003260957,,2459668.7705637086,-7.498042003415151,
,-1.5798749003260957,,2459669.5194657138,-6.528654649416297,
,-1.5798749003260957,,2459670.2683677184,3.5548249978378985,
,-1.5798749003260957,,2459671.0172697236,8.710325546585771,
,-1.5798749003260957,,2459671.7661717287,1.6604250391631952,
,-1.5798749003260957,,2459672.5150737334,-7.6415002864537405,
,-1.5798749003260957,,2459673.2639757385,-6.332548382350853,
,-1.5798749003260957,,2459674.0128777437,3.8212116159298786,
,-1.5798749003260957,,2459674.761779749,8.671582373936758,
,-1.5798749003260957,,2459675.5106817535,1.3727041703830696,
,-1.5798749003260957,,2459676.2595837587,-7.776491849834363,
,-1.5798749003260957,,2459677.008485764,-6.129349432278568,
,-1.5798749003260957,,2459677.7573877685,4.083369017094412,
,-1.5798749003260957,,2459678.5062897736,8.623069412170016,
,-1.5798749003260957,,2459679.2551917788,1.0835458036000953,
,-1.5798749003260957,,2459680.0040937834,-7.90287004479896,
,-1.5798749003260957,,2459680.7529957886,-5.919278581039376,
,-1.5798749003260957,,2459681.5018977937,4.3409983644548555,
,-1.5798749003260957,,2459682.250799799,8.564844439520705,
,-1.5798749003260957,,2459682.9997018036,0.7932731184640139,
,-1.5798749003260957,,2459683.7486038087,-8.020497535960464,
,-1.5798749003260957,,2459684.497505814,-5.702564383224216,
,-1.5798749003260957,,2459685.2464078185,4.593805688228808,
,-1.5798749003260957,,2459685.9953098237,8.496976450840654,
,-1.5798749003260957,,2459686.744211829,0.5022100906386824,
,-1.5798749003260957,,2459687.493113834,-8.129246399907464,
,-1.5798749003260957,,2459688.2420158386,-5.479442952452748,
,-1.5798749003260957,,2459688.9909178438,4.8415023028914765,
,-1.5798749003260957,,2459689.739819849,8.419545538596113,
,-1.5798749003260957,,2459690.4887218536,0.21068117251754323,
,-1.5798749003260957,,2459691.2376238587,-8.22899828257827,
,-1.5798749003260957,,2459691.986525864,-5.250157708640709,
,-1.5798749003260957,,2459692.7354278686,5.083805116189704,
,-1.5798749003260957,,2459693.4843298737,8.332642810274876,
,-1.5798749003260957,,2459694.233231879,-0.08098912715890796,
,-1.5798749003260957,,2459694.982133884,-8.319644514657028,
,-1.5798749003260957,,2459695.7310358887,-5.014959164249045,
,-1.5798749003260957,,2459696.479937894,5.320437009112791,
,-1.5798749003260957,,2459697.228839899,8.236370238808679,
,-1.5798749003260957,,2459697.9777419036,-0.37247650437552465,
,-1.5798749003260957,,2459698.726643909,-8.401086205026152,
,-1.5798749003260957,,2459699.475545914,-4.774104615122027,
,-1.5798749003260957,,2459700.2244479186,5.551127135165889,
,-1.5798749003260957,,2459700.9733499237,8.130840552200118,
,-1.5798749003260957,,2459701.722251929,-0.6634573174841727,
,-1.5798749003260957,,2459702.471153934,-8.473234354696348,
,-1.5798749003260957,,2459703.2200559387,-4.527857949543375,
,-1.5798749003260957,,2459703.968957944,5.775611302017225,
,-1.5798749003260957,,2459704.717859949,8.016177059607104,
,-1.5798749003260957,,2459705.4667619537,-0.9536088505832803,
,-1.5798749003260957,,2459706.215663959,-8.536009938551816,
,-1.5798749003260957,,2459706.964565964,-4.276489303579385,
,-1.5798749003260957,,2459707.7134679686,5.993632246998897,
,-1.5798749003260957,,2459708.462369974,7.892513510560893,
,-1.5798749003260957,,2459709.211271979,-1.2426097450584765,
,-1.5798749003260957,,2459709.960173984,-8.589344000317125,
,-1.5798749003260957,,2459710.7090759887,-4.020274832668111,
,-1.5798749003260957,,2459711.457977994,6.204939986304945,
,-1.5798749003260957,,2459712.206879999,7.759993904654508,
,-1.5798749003260957,,2459712.9557820037,-1.5301402709053205,
,-1.5798749003260957,,2459713.704684009,-8.63317770584073,
,-1.5798749003260957,,2459714.453586014,-3.7594964011606713,
,-1.5798749003260957,,2459715.2024880187,6.409292103047304,
,-1.5798749003260957,,2459715.951390024,7.6187723087400405,
,-1.5798749003260957,,2459716.700292029,-1.815882717340067,
,-1.5798749003260957,,2459717.449194034,-8.66746242232825,
,-1.5798749003260957,,2459718.198096039,-3.4944413054849965,
,-1.5798749003260957,,2459718.946998044,6.60645407595382,
,-1.5798749003260957,,2459719.695900049,7.469012660991264,
,-1.5798749003260957,,2459720.4448020537,-2.099521718172474,
,-1.5798749003260957,,2459721.193704059,-8.692159759282644,
,-1.5798749003260957,,2459721.942606064,-3.225401927914349,
,-1.5798749003260957,,2459722.6915080687,6.796199531408786,
,-1.5798749003260957,,2459723.440410074,7.310888553036027,
,-1.5798749003260957,,2459724.189312079,-2.380744593286496,
,-1.5798749003260957,,2459724.938214084,-8.707241619757621,
,-1.5798749003260957,,2459725.687116089,-2.952675501998225,
,-1.5798749003260957,,2459726.436018094,6.978310552845919,
,-1.5798749003260957,,2459727.184920099,7.14458301045949,
,-1.5798749003260957,,2459727.933822104,-2.6592416527436695,
,-1.5798749003260957,,2459728.682724109,-8.712690228075418,
,-1.5798749003260957,,2459729.431626114,-2.6765637073789894,
,-1.5798749003260957,,2459730.180528119,7.152577937543512,
,-1.5798749003260957,,2459730.929430124,6.970288267762982,
,-1.5798749003260957,,2459731.678332129,-2.9347065686643794,
,-1.5798749003260957,,2459732.427234134,-8.708498157896548,
,-1.5798749003260957,,2459733.176136139,-2.3973724295069343,
,-1.5798749003260957,,2459733.925038144,7.318801465182083,
,-1.5798749003260957,,2459734.673940149,6.78820550002108,
,-1.5798749003260957,,2459735.422842154,-3.206836637353225,
,-1.5798749003260957,,2459736.171744159,-8.69466834430641,
,-1.5798749003260957,,2459736.920646164,-2.1154113587969965,
,-1.5798749003260957,,2459737.6695481692,7.476790142278454,
,-1.5798749003260957,,2459738.418450174,6.598544606128823,
,-1.5798749003260957,,2459739.167352179,-3.475333159594519,
,-1.5798749003260957,,2459739.916254184,-8.671214086429433,
,-1.5798749003260957,,2459740.665156189,-1.83099371373168,
,-1.5798749003260957,,2459741.414058194,7.626362432940596,
,-1.5798749003260957,,2459742.162960199,6.401523906991958,
,-1.5798749003260957,,2459742.911862204,-3.7399016930230937,
,-1.5798749003260957,,2459743.660764209,-8.638159047539778,
,-1.5798749003260957,,2459744.409666214,-1.5444358464464463,
,-1.5798749003260957,,2459745.1585682193,7.767346502770311,
,-1.5798749003260957,,2459745.907470224,6.197369898350634,
,-1.5798749003260957,,2459746.656372229,-4.0002524008487415,
,-1.5798749003260957,,2459747.4052742342,-8.595537230811468,
,-1.5798749003260957,,2459748.154176239,-1.2560569561501143,
,-1.5798749003260957,,2459748.903078244,7.8995804144825055,
,-1.5798749003260957,,2459749.651980249,5.986316950445447,
,-1.5798749003260957,,2459750.400882254,-4.256100318952664,
,-1.5798749003260957,,2459751.149784259,-8.543392965072199,
,-1.5798749003260957,,2459751.898686264,-0.9661786631189712,
,-1.5798749003260957,,2459752.6475882693,8.022912342344126,
,-1.5798749003260957,,2459753.396490274,5.768607047381909,
,-1.5798749003260957,,2459754.145392279,-4.507165672546982,
,-1.5798749003260957,,2459754.8942942843,-8.481780857103567,
,-1.5798749003260957,,2459755.643196289,-0.6751247334756773,
,-1.5798749003260957,,2459756.392098294,8.137200745572253,
,-1.5798749003260957,,2459757.1410002992,5.544489449288444,
,-1.5798749003260957,,2459757.889902304,-4.753174132228228,
,-1.5798749003260957,,2459758.638804309,-8.410765759368998,
,-1.5798749003260957,,2459759.387706314,-0.3832206367150246,
,-1.5798749003260957,,2459760.1366083194,8.242314561032131,
,-1.5798749003260957,,2459760.885510324,5.314220416602449,
,-1.5798749003260957,,2459761.634412329,-4.993857128601418,
,-1.5798749003260957,,2459762.3833143343,-8.330422700407421,
,-1.5798749003260957,,2459763.132216339,-0.09079326307663782,
,-1.5798749003260957,,2459763.881118344,8.33813334693618,
,-1.5798749003260957,,2459764.6300203493,5.0780628820335005,
,-1.5798749003260957,,2459765.378922354,-5.2289520900676525,
,-1.5798749003260957,,2459766.127824359,-8.240836834198532,
,-1.5798749003260957,,2459766.8767263643,0.20182951998288512,
,-1.5798749003260957,,2459767.6256283694,8.424547454761779,
,-1.5798749003260957,,2459768.374530374,4.836286147955605,
,-1.5798749003260957,,2459769.123432379,-5.458202742222461,
,-1.5798749003260957,,2459769.8723343844,-8.142103357288935,
,-1.5798749003260957,,2459770.621236389,0.494319177211281,
,-1.5798749003260957,,2459771.370138394,8.501458138386514,
,-1.5798749003260957,,2459772.1190403993,4.589165527217973,
,-1.5798749003260957,,2459772.867942404,-5.681359333055961,
,-1.5798749003260957,,2459773.616844409,-8.034327425295716,
,-1.5798749003260957,,2459774.3657464143,0.7863469412145175,
,-1.5798749003260957,,2459775.1146484194,8.568777690349986,
,-1.5798749003260957,,2459775.863550424,4.3369820697388235,
,-1.5798749003260957,,2459776.6124524293,-5.898178921293228,
,-1.5798749003260957,,2459777.3613544344,-7.917624052190975,
,-1.5798749003260957,,2459778.110256439,1.0775841060599993,
,-1.5798749003260957,,2459778.859158444,8.626429542026884,
,-1.5798749003260957,,2459779.6080604494,4.08002215686961,
,-1.5798749003260957,,2459780.3569624545,-6.108425577974514,
,-1.5798749003260957,,2459781.105864459,-7.792118018527155,
,-1.5798749003260957,,2459781.8547664643,1.3677025146691302,
,-1.5798749003260957,,2459782.6036684695,8.674348359544725,
,-1.5798749003260957,,2459783.352570474,3.818577219433268,
,-1.5798749003260957,,2459784.1014724793,-6.31187064897888,
,-1.5798749003260957,,2459784.8503744844,-7.657943743342443,
,-1.5798749003260957,,2459785.599276489,1.6563748078860676,
,-1.5798749003260957,,2459786.3481784943,8.712480114790074,
,-1.5798749003260957,,2459787.0970804994,3.5529433509767134,
,-1.5798749003260957,,2459787.8459825045,-6.508292986933349,
,-1.5798749003260957,,2459788.594884509,-7.51524517111746,
,-1.5798749003260957,,2459789.3437865144,1.9432749405327188,
,-1.5798749003260957,,2459790.0926885195,8.740782155280877,
,-1.5798749003260957,,2459790.841590524,3.2834210088609677,
,-1.5798749003260957,,2459791.5904925293,-6.697479147942476,
,-1.5798749003260957,,2459792.3393945345,-7.36417561715605,
,-1.5798749003260957,,2459793.088296539,2.228078432564765,
,-1.5798749003260957,,2459793.8371985443,8.759223244213638,
,-1.5798749003260957,,2459794.5861005494,3.010314587131351,
,-1.5798749003260957,,2459795.3350025546,-6.879223627269897,
,-1.5798749003260957,,2459796.0839045593,-7.204897653708255,
,-1.5798749003260957,,2459796.8328065644,2.510462850399292,
,-1.5798749003260957,,2459797.5817085695,8.767783601775083,
,-1.5798749003260957,,2459798.330610574,2.7339321505930996,
,-1.5798749003260957,,2459799.0795125794,-7.053329053607901,
,-1.5798749003260957,,2459799.8284145845,-7.037582920145738,
,-1.5798749003260957,,2459800.577316589,2.790108132082534,
,-1.5798749003260957,,2459801.3262185943,8.766454915913458,
,-1.5798749003260957,,2459802.0751205995,2.4545849947361003,
,-1.5798749003260957,,2459802.8240226046,-7.219606380973262,
,-1.5798749003260957,,2459803.5729246093,-6.862412000492709,
,-1.5798749003260957,,2459804.3218266144,3.066696991757094,
,-1.5798749003260957,,2459805.0707286196,8.75524035061595,
,-1.5798749003260957,,2459805.8196306243,2.172587364836889,
,-1.5798749003260957,,2459806.5685326294,-7.377875080596168,
,-1.5798749003260957,,2459807.3174346345,-6.679574198097785,
,-1.5798749003260957,,2459808.066336639,3.3399152441090925,
,-1.5798749003260957,,2459808.8152386444,8.734154532780572,
,-1.5798749003260957,,2459809.5641406495,1.8882560102961017,
,-1.5798749003260957,,2459810.3130426547,-7.527963326629362,
,-1.5798749003260957,,2459811.0619446593,-6.489267409859839,
,-1.5798749003260957,,2459811.8108466645,3.609452275342879,
,-1.5798749003260957,,2459812.5597486696,8.703223526399663,
,-1.5798749003260957,,2459813.3086506743,1.6019099094248168,
,-1.5798749003260957,,2459814.0575526794,-7.669708148246946,
,-1.5798749003260957,,2459814.8064546846,-6.291697877941144,
,-1.5798749003260957,,2459815.5553566893,3.875001298983384,
,-1.5798749003260957,,2459816.3042586944,8.662484792780134,
,-1.5798749003260957,,2459817.0531606996,1.3138698547445986,
,-1.5798749003260957,,2459817.8020627047,-7.802955609278354,
,-1.5798749003260957,,2459818.5509647094,-6.087080026381651,
,-1.5798749003260957,,2459819.2998667145,4.136259831769022,
,-1.5798749003260957,,2459820.0487687197,8.611987132552107,
,-1.5798749003260957,,2459820.7976707243,1.0244581042532521,
,-1.5798749003260957,,2459821.5465727295,-7.927560947622747,
,-1.5798749003260957,,2459822.2954747346,-5.875636236798969,
,-1.5798749003260957,,2459823.0443767398,4.392929970095971,
,-1.5798749003260957,,2459823.7932787444,8.551790621366901,
,-1.5798749003260957,,2459824.5421807496,0.7339980060962592,
,-1.5798749003260957,,2459825.2910827547,-8.04338873684306,
,-1.5798749003260957,,2459826.0399847594,-5.657596622293979,
,-1.5798749003260957,,2459826.7888867646,4.644718800106509,
,-1.5798749003260957,,2459827.5377887697,8.481966518841741,
,-1.5798749003260957,,2459828.2866907744,0.44281368540100013,
,-1.5798749003260957,,2459829.0355927795,-8.150312992774408,
,-1.5798749003260957,,2459829.7844947847,-5.433198807427841,
,-1.5798749003260957,,2459830.53339679,4.891338757425039,
,-1.5798749003260957,,2459831.2822987945,8.402597177022477,
,-1.5798749003260957,,2459832.0312007996,0.15122960926640233,
,-1.5798749003260957,,2459832.780102805,-8.248217334172509,
,-1.5798749003260957,,2459833.5290048094,-5.202687679071725,
,-1.5798749003260957,,2459834.2779068146,5.132507924516837,
,-1.5798749003260957,,2459835.0268088197,8.313775921886236,
,-1.5798749003260957,,2459835.7757108244,-0.1404296896111934,
,-1.5798749003260957,,2459836.5246128296,-8.336995066198844,
,-1.5798749003260957,,2459837.2735148347,-4.966315149237062,
,-1.5798749003260957,,2459838.02241684,5.367950449514937,
,-1.5798749003260957,,2459838.7713188445,8.215606940007792,
,-1.5798749003260957,,2459839.5202208497,-0.431840058554979,
,-1.5798749003260957,,2459840.269122855,-8.416549310179246,
,-1.5798749003260957,,2459841.0180248595,-4.724339887894958,
,-1.5798749003260957,,2459841.7669268646,5.5973967990236755,
,-1.5798749003260957,,2459842.51582887,8.108205117515938,
,-1.5798749003260957,,2459843.2647308744,-0.7226779765347736,
,-1.5798749003260957,,2459844.0136328796,-8.486793092380562,
,-1.5798749003260957,,2459844.7625348847,-4.477027057514428,
,-1.5798749003260957,,2459845.51143689,5.820584182295912,
,-1.5798749003260957,,2459846.2603388946,7.991695915511846,
,-1.5798749003260957,,2459847.0092408997,-1.0126210018955086,
,-1.5798749003260957,,2459847.758142905,-8.547649437907085,
,-1.5798749003260957,,2459848.5070449095,-4.2246480693562605,
,-1.5798749003260957,,2459849.2559469147,6.037256787345114,
,-1.5798749003260957,,2459850.00484892,7.8662151807605705,
,-1.5798749003260957,,2459850.7537509245,-1.3013480664536603,
,-1.5798749003260957,,2459851.5026529296,-8.59905144023908,
,-1.5798749003260957,,2459852.251554935,-3.9674802557935562,
,-1.5798749003260957,,2459853.00045694,6.247166150028761,
,-1.5798749003260957,,2459853.7493589446,7.731908986544916,
,-1.5798749003260957,,2459854.4982609497,-1.5885398281424141,
,-1.5798749003260957,,2459855.247162955,-8.640942347252498,
,-1.5798749003260957,,2459855.9960649596,-3.7058066100490366,
,-1.5798749003260957,,2459856.7449669647,6.450071435015941,
,-1.5798749003260957,,2459857.49386897,7.588933418022013,
,-1.5798749003260957,,2459858.2427709745,-1.8738790267093117,
,-1.5798749003260957,,2459858.9916729797,-8.673275604760855,
,-1.5798749003260957,,2459859.740574985,-3.439915490087544,
,-1.5798749003260957,,2459860.48947699,6.645739762430869,
,-1.5798749003260957,,2459861.2383789946,7.43745441279958,
,-1.5798749003260957,,2459861.987281,-2.157050821730864,
